ENTRY,GY,PH,SD
(CML444/CML536)//CKDHL1706815,6.537527327,233.6710528,71.19537774
(CML444/CML536)//CKDHL1706862,7.210060525,243.2016235,72.18760926
(CML444/CML536)//CKDHL1706884,7.138510042,246.4550108,73.19814334
(CML444/CML536)//CKDHL1706887,7.529247687,249.2727641,74.54416955
(CML444/CML536)//CKDHL1706909,6.383873159,252.3692659,70.77033498
(CML444/CML536)//CKDHL1706939,6.892419562,242.9350117,72.73080148
(CML444/CML536)//CKDHL1715255,6.485745683,242.0494524,73.07204705
(CML444/CML536)//CKDHL1715260,6.545726698,247.321325,75.81216548
(CML444/CML536)//CKDHL1715316,6.298562295,245.5017639,75.03569289
(CML444/CML536)//CKDHL1715381,7.212740962,239.1945801,73.63075903
(CML444/CML536)//CKDHL1715408,6.62136175,237.2711323,75.08935637
(CML444/CML536)//CKDHL1715411,6.762205212,240.3252117,77.03400495
(CML444/CML536)//CKDHL1715442,6.606545185,245.9258466,75.93002234
(CML444/CML536)//CKDHL1715475,7.525599932,245.1669412,74.01138707
(CML444/CML536)//CKDHL1715480,6.605546827,240.0639239,72.29290148
(CML444/CML536)//CKDHL1715486,7.35504939,245.544948,74.34599174
(CML444/CML536)//CKDHL1715490,6.61218178,245.5763484,76.60408465
(CML444/CML536)//CKDHL1715496,6.262454756,241.9068953,75.63587526
(CML444/CML536)//CKDHL1715497,7.853670521,247.2422613,76.96325736
(CML444/CML536)//CKDHL1715500,7.166718192,243.7575682,75.56384553
(CML444/CML536)//CKDHL1715506,6.624868137,246.8631075,75.17943839
(CML444/CML536)//CKDHL1715529,6.693515259,232.5783287,74.10917625
(CML444/CML536)//CKDHL1715564,6.305163081,244.0694275,77.33010894
(CML444/CML536)//CKDHL1715607,7.460789146,242.7766309,75.74103873
(CML444/CML536)//CKDHL1715617,5.928322408,235.5704319,73.59482198
(CML444/CML536)//CKDHL1715634,7.575874944,249.2396806,74.11831284
(CML444/CML536)//CKDHL1715637,6.752819179,243.0964127,74.15339215
(CML444/CML536)//CKDHL1715648,7.017374943,256.7642192,75.11108816
(CML444/CML536)//CKDHL1715658,7.504271286,257.8088466,76.38389647
(CML444/CML536)//CKDHL1715659,6.143699063,240.9380114,74.88167456
(CML444/CML536)//CKDHL1715661,6.816606626,242.7933654,73.60525572
(CML444/CML536)//CKDHL1715668,7.212761639,254.4458828,75.66599112
(CML444/CML536)//CKDHL1715671,6.909321724,240.8546569,73.72755213
(CML444/CML536)//CKDHL1715674,7.343713113,249.434407,77.07026866
(CML444/CML536)//CKDHL1715677,7.40182376,252.1488226,73.8565791
(CML444/CML536)//CKDHL1715678,6.723676472,248.4304032,77.71879796
(CML444/CML536)//CKDHL1715679,7.630899592,242.6291377,76.81780294
(CML444/CML536)//CKDHL1715680,6.679290225,240.0655999,72.43839403
(CML444/CML536)//CKDHL1715686,6.896082278,247.1558537,73.29684893
(CML444/CML536)//CKDHL1715690,7.757554637,248.8513296,75.81554127
(CML444/CML536)//CKDHL1715694,7.265268641,244.850956,73.3037661
(CML444/CML536)//CKDHL1715698,6.847802513,234.5655374,74.31802011
(CML444/CML536)//CKDHL1715699,6.705907582,252.078857,74.91838999
(CML444/CML536)//CKDHL1715700,6.415030877,242.0252692,75.95157463
(CML444/CML536)//CKDHL1715702,7.448467006,246.0995064,72.47458547
(CML444/CML536)//CKDHL1715708,6.84404391,246.2291964,73.25564964
(CML444/CML536)//CKDHL1715711,6.983089068,242.4154471,75.20436333
(CML444/CML536)//CKDHL1715713,6.703920906,237.7720014,72.86004801
(CML444/CML536)//CKDHL1715714,6.76814537,244.7621663,74.71601336
(CML444/CML536)//CKDHL1715716,7.103231497,238.8678567,74.22425882
(CML444/CML536)//CKDHL1715717,6.427416298,234.5902944,71.16780621
(CML444/CML536)//CKDHL1715718,7.182531125,244.4216999,74.65356907
(CML444/CML536)//CKDHL1715724,6.701293809,251.5117988,73.95269647
(CML444/CML536)//CKDHL1715726,6.78068261,250.9406441,74.30220088
(CML444/CML536)//CKDHL1715729,6.902874506,244.6538033,74.6424577
(CML444/CML536)//CKDHL1715731,7.743981803,247.7827949,74.45529736
(CML444/CML536)//CKDHL1715735,7.06178481,240.6204117,75.40757605
(CML444/CML536)//CKDHL1715738,7.340975742,253.8731153,74.167286
(CML444/CML536)//CKDHL1715741,7.381363611,248.8820712,74.5608799
(CML444/CML536)//CKDHL1715744,7.095761829,251.922578,75.46366608
(CML444/CML536)//CKDHL1715745,7.313512147,246.171802,72.92571483
(CML444/CML536)//CKDHL1715746,6.736094143,251.069402,72.38752234
(CML444/CML536)//CKDHL1715747,7.188827792,246.2655044,75.8117326
(CML444/CML536)//CKDHL1715749,7.861105359,251.6704665,73.88274345
(CML444/CML536)//CKDHL1715751,6.870335199,247.8482191,74.77086851
(CML444/CML536)//CKDHL1715752,7.589238244,245.0638717,73.90661811
(CML444/CML536)//CKDHL1715754,7.565827354,253.59436,74.1011007
(CML444/CML536)//CKDHL1715756,6.879742598,236.9085636,74.8492872
(CML444/CML536)//CKDHL1715760,7.456810233,246.251834,75.01790134
(CML444/CML536)//CKDHL1715764,6.786585734,241.3211487,73.28703952
(CML444/CML536)//CKDHL1715766,6.548632601,238.6641734,72.63225162
(CML444/CML536)//CKDHL1715768,7.893234281,247.2488505,74.99249147
(CML444/CML536)//CKDHL1715769,7.179026535,240.0787826,74.66275906
(CML444/CML536)//CKDHL1715772,7.138595477,243.5835672,72.61156844
(CML444/CML536)//CKDHL1715773,6.695454853,244.2206521,74.57517402
(CML444/CML536)//CKDHL1715774,7.443435429,250.066917,75.6353687
(CML444/CML536)//CKDHL1715775,6.9192552,247.8277664,75.09483806
(CML444/CML536)//CKDHL1715777,7.01682966,237.3283228,73.49981089
(CML444/CML536)//CKDHL1715778,7.21011731,254.6478303,76.16921594
(CML444/CML536)//CKDHL1715779,7.282690461,245.8892294,72.68131599
(CML444/CML536)//CKDHL1715787,7.056642618,245.9472751,74.66968725
(CML444/CML536)//CKDHL1715789,7.120840225,245.1479194,73.48159886
(CML444/CML536)//CKDHL1715790,7.649350906,254.2238128,75.48639745
(CML444/CML536)//CKDHL1715791,8.038594415,255.1423435,76.07637746
(CML444/CML536)//CKDHL1715794,7.360932731,245.5565925,74.47947147
(CML444/CML536)//CKDHL1715795,7.298674521,248.9417887,76.2517897
(CML444/CML536)//CKDHL1715799,7.198997681,244.5550371,73.70369518
(CML444/CML536)//CKDHL1715800,6.908933111,247.3492298,76.31104667
(CML444/CML536)//CKDHL1715804,6.717416653,240.6188448,73.03458198
(CML444/CML536)//CKDHL1715807,7.306778643,247.8942005,73.83827076
(CML444/CML536)//CKDHL1715808,6.864636257,245.6858488,75.52180472
(CML444/CML536)//CKDHL1715809,7.169088904,251.8903663,73.02933221
(CML444/CML536)//CKDHL1715812,7.357686688,253.379363,72.55250503
(CML444/CML536)//CKDHL1715813,7.309414548,252.0575031,75.18135566
(CML444/CML536)//CKDHL1715814,6.845351411,244.8303666,72.62321679
(CML444/CML536)//CKDHL1715815,7.31006841,248.6542781,74.76702149
(CML444/CML536)//CKDHL1715818,6.712080685,241.0551453,73.77408209
(CML444/CML536)//CKDHL1715819,6.095630595,231.6512783,72.86786532
(CML444/CML536)//CKDHL1715820,7.178946076,246.8135126,73.04234555
(CML444/CML536)//CKDHL1715828,7.380175746,251.842188,74.39096237
(CML444/CML536)//CKDHL1715829,6.605511675,247.8663832,73.95405448
(CML444/CML536)//CKDHL1715830,7.455363459,241.2449731,74.55464776
(CML444/CML536)//CKDHL1715831,6.69332024,241.4588503,71.39989896
(CML444/CML536)//CKDHL1715832,7.094302434,235.9721889,71.98073582
(CML444/CML536)//CKDHL1715837,6.986649361,244.1005851,76.3716877
(CML444/CML536)//CKDHL1715839,7.385033987,241.0764858,75.70302485
(CML444/CML536)//CKDHL1715840,7.447700197,248.7371799,72.501456
(CML444/CML536)//CKDHL1715841,7.595437112,249.654648,77.08373482
(CML444/CML536)//CKDHL1715842,6.873836486,230.0657033,73.19010216
(CML444/CML536)//CKDHL1715843,6.990425326,256.5573298,77.44426996
(CML444/CML536)//CKDHL1715844,8.13491397,251.2058484,74.90292926
(CML444/CML536)//CKDHL1715846,6.446670838,238.1842294,73.50840353
(CML444/CML536)//CKDHL1715847,6.974255718,252.2188054,76.61195214
(CML444/CML536)//CKDHL1715848,7.784932217,251.3688075,74.99943375
(CML444/CML536)//CKDHL1715849,7.026856654,236.2273437,72.8783582
(CML444/CML536)//CKDHL1715850,7.443012127,250.5820717,75.43921468
(CML444/CML536)//CKDHL1715852,7.132184063,246.6180358,72.55419651
(CML444/CML536)//CKDHL1715853,7.581564263,245.4593326,73.33449436
(CML444/CML536)//CKDHL1715856,6.987084213,248.567388,72.94522459
(CML444/CML536)//CKDHL1715857,7.184880755,238.2848068,72.76785937
(CML444/CML536)//CKDHL1715861,7.189279274,246.5406558,73.39512998
(CML444/CML536)//CKDHL1715864,7.076155236,238.2970224,72.52226551
(CML444/CML536)//CKDHL1715866,7.224301649,243.8587018,74.46954526
(CML444/CML536)//CKDHL1715870,7.308730228,244.0272479,73.43805673
(CML444/CML536)//CKDHL1715871,6.591466218,232.0516573,72.32373326
(CML444/CML536)//CKDHL1715879,6.825439826,251.5912443,71.36713197
(CML444/CML536)//CKDHL1715880,7.310936235,240.4259344,75.70400222
(CML444/CML536)//CKDHL1715882,6.498630906,246.1096845,72.85464153
(CML444/CML536)//CKDHL1715883,7.056252202,244.507176,73.21784133
(CML444/CML536)//CKDHL1715886,7.436790708,254.6848527,75.78049565
(CML444/CML536)//CKDHL1715887,6.805783806,243.1375624,75.66506603
(CML444/CML536)//CKDHL1715891,7.329112514,236.8849072,73.81400876
(CML444/CML536)//CKDHL1715892,7.201288672,243.917226,74.74465316
(CML444/CML536)//CKDHL1715895,7.326017429,239.9383902,73.36097407
(CML444/CML536)//CKDHL1715896,7.753424498,244.8986981,74.82102846
(CML444/CML536)//CKDHL1715898,7.001395534,240.437232,74.78718974
(CML444/CML536)//CKDHL1715900,6.988511218,243.4669796,73.57686755
(CML444/CML536)//CKDHL1715901,7.092186909,244.2738877,72.71480138
(CML444/CML536)//CKDHL1715902,7.268416139,249.1672415,76.37690278
(CML444/CML536)//CKDHL1715907,7.466479981,248.0806197,75.55700566
(CML444/CML536)//CKDHL1715909,7.240745686,239.5877415,74.17003772
(CML444/CML536)//CKDHL1715910,7.053669504,241.4759631,73.70504815
(CML444/CML536)//CKDHL1715912,7.163922358,249.1602831,75.40812806
(CML444/CML536)//CKDHL1715915,7.884195077,249.4804734,75.81129959
(CML444/CML536)//CKDHL1715918,7.40063923,242.6319688,75.16315522
(CML444/CML536)//CKDHL1715919,6.935281697,240.6934386,72.83664764
(CML444/CML536)//CKDHL1715921,7.082325871,234.0726655,72.21462646
(CML444/CML536)//CKDHL1715922,7.417179502,238.1496475,74.45072071
(CML444/CML536)//CKDHL1715927,7.556474602,239.2258282,74.16243407
(CML444/CML536)//CKDHL1715928,7.733738436,247.5469283,73.85274189
(CML444/CML536)//CKDHL1715931,6.909582216,245.3136898,73.41729511
(CML444/CML536)//CKDHL1715932,7.51259644,252.1946654,74.48974511
(CML444/CML536)//CKDHL1715934,7.097647398,242.2382415,74.81088064
(CML444/CML536)//CKDHL1715940,7.704920719,251.7307179,74.85349762
(CML444/CML536)//CKDHL1717302,7.125534834,242.927417,74.88750816
(CML444/CML536)//CKDHL1717350,6.829852394,245.5403987,74.29083604
(CML444/CML536)//CKDHL1717354,7.081418946,251.0738167,75.87144803
(CML444/CML536)//CKDHL1717363,7.874794153,252.6610496,75.20882406
(CML444/CML536)//CKDHL1717366,6.945349155,243.0759236,72.63335998
(CML444/CML536)//CKDHL1717390,7.214727104,245.0578751,75.40679298
(CML444/CML536)//CKDHL1717394,7.211532116,240.9053845,73.64307463
(CML444/CML536)//CKDHL1717398,6.449382942,248.1731009,74.05602707
(CML444/CML536)//CKDHL1717403,7.066409198,236.5871841,75.50799501
(CML444/CML536)//CKDHL1717404,7.070652537,243.7769079,75.7390762
(CML444/CML536)//CKDHL1717421,6.574125056,238.6662136,73.40932816
(CML444/CML536)//CKDHL1717463,7.06840472,242.2667709,71.00855965
(CML444/CML536)//CKDHL1717479,6.923738449,248.0766279,75.83022224
(CML444/CML536)//CKDHL1717481,6.775571725,247.3839338,76.0947358
(CML444/CML536)//CKDHL1717483,6.571764805,239.7811226,74.91831099
(CML444/CML536)//CKDHL1717507,7.154996818,248.7404866,73.99016021
(CML444/CML536)//CKDHL1717508,7.197109023,244.0716402,73.59831959
(CML444/CML536)//CKDHL1717519,6.48124228,239.4101463,73.91280292
(CML444/CML536)//CKDHL1717527,7.505130056,255.7289541,74.74773025
(CML444/CML536)//CKDHL1717529,7.210928852,254.5022111,76.47082744
(CML444/CML536)//CKDHL1717535,5.943231452,238.4054898,76.06136282
(CML444/CML536)//CKDHL1718483,7.426436751,243.6340237,72.6868335
(CML444/CML536)//CKDHL1718565,6.860871551,239.2552155,74.33981219
(CML444/CML536)//CKDHL1718642,7.08593659,238.6868857,72.76129859
(CML444/CML536)//CKDHL1718746,6.788461347,243.0959874,74.19317942
(CML444/CML536)//CKDHL1719134,6.758746074,248.7568237,78.06725498
(CML444/CML536)//CKDHL1719284,6.972411189,246.1734516,73.53697035
(CML444/CML536)//CKDHL1720436,7.889724705,254.3057646,78.43953919
(CML444/CML536)//CKDHL1720438,7.669346468,249.5279758,76.88817374
(CML444/CML536)//CKDHL1720452,7.619658076,250.504264,78.67028823
(CML444/CML536)//CKDHL1720469,7.387502115,248.2429405,80.25633129
(CML444/CML536)//CKDHL1720562,6.94043995,236.2471084,77.4579493
(CML444/CML536)//CKDHL1720581,7.37133855,251.29932,76.31519737
(CML444/CML536)//CKDHL1720616,7.356403395,244.4513132,78.42618566
(CML444/CML536)//CKDHL1720617,6.748489039,245.1955017,74.37735635
(CML444/CML536)//CKDHL1720643,7.26550834,248.1757432,75.31889484
(CML444/CML536)//CKDHL1720648,7.16764264,243.3963229,78.58535116
(CML444/CML536)//CKDHL1720663,7.108175666,247.2196785,78.20562138
(CML444/CML536)//CKDHL1720667,7.070554554,238.4929946,76.99594998
(CML444/CML536)//CKDHL1720696,6.705672872,242.5745154,76.64810601
(CML444/CML536)//CKDHL1720758,6.768105347,244.9272346,75.70512401
(CML444/CML536)//CKDHL1720872,6.546215149,242.0180889,77.0797447
(CML444/CML536)//CKDHL1720891,7.175239781,247.8306058,77.44809058
(CML543/CML566)//CKDHL1706815,7.054640321,238.0618838,71.97992544
(CML543/CML566)//CKDHL1706862,7.315011693,240.026762,73.1257193
(CML543/CML566)//CKDHL1706884,7.147909408,242.0206844,73.78514024
(CML543/CML566)//CKDHL1706887,7.499635322,239.3360686,76.04104514
(CML543/CML566)//CKDHL1706909,5.773459722,237.0346954,73.03781448
(CML543/CML566)//CKDHL1706939,6.748553047,232.1922518,73.38924625
(CML543/CML566)//CKDHL1715255,6.972278958,231.9025082,73.024852
(CML543/CML566)//CKDHL1715260,6.616548884,243.3431678,76.60906942
(CML543/CML566)//CKDHL1715316,7.530513441,250.7334116,75.7257621
(CML543/CML566)//CKDHL1715381,6.940687739,232.0270138,74.3073594
(CML543/CML566)//CKDHL1715408,6.818081088,232.1582192,76.11307666
(CML543/CML566)//CKDHL1715411,6.856536971,239.8659705,76.62550204
(CML543/CML566)//CKDHL1715442,6.343286855,231.8605068,76.79878706
(CML543/CML566)//CKDHL1715475,6.397716547,235.9909366,75.68074997
(CML543/CML566)//CKDHL1715480,6.092771896,232.2722336,74.22900552
(CML543/CML566)//CKDHL1715486,6.944149649,237.3289255,75.8550998
(CML543/CML566)//CKDHL1715490,6.920746005,236.3857134,77.58611403
(CML543/CML566)//CKDHL1715496,6.618176588,231.2267276,76.98623142
(CML543/CML566)//CKDHL1715497,7.512595977,238.1740424,76.85022508
(CML543/CML566)//CKDHL1715500,6.441348816,239.0385133,76.35117293
(CML543/CML566)//CKDHL1715506,6.448318458,239.791289,74.96747764
(CML543/CML566)//CKDHL1715529,6.503361076,226.1795455,77.9117703
(CML543/CML566)//CKDHL1715564,6.138371039,237.4077378,77.43125695
(CML543/CML566)//CKDHL1715607,7.147489693,233.5677152,76.02987525
(CML543/CML566)//CKDHL1715617,6.414717924,229.3445372,75.2997796
(CML543/CML566)//CKDHL1715634,7.269401472,246.937907,74.30069355
(CML543/CML566)//CKDHL1715637,6.717395077,234.5091824,74.72681743
(CML543/CML566)//CKDHL1715648,6.705756452,243.5476475,75.59035949
(CML543/CML566)//CKDHL1715658,7.836754481,246.413121,75.68779903
(CML543/CML566)//CKDHL1715659,7.019691903,240.4562004,73.95105521
(CML543/CML566)//CKDHL1715661,7.363164399,238.4981336,73.31909734
(CML543/CML566)//CKDHL1715668,7.529014467,250.765752,76.65628283
(CML543/CML566)//CKDHL1715671,7.145488832,234.7743284,74.59417685
(CML543/CML566)//CKDHL1715674,8.184447129,242.5673441,75.93778449
(CML543/CML566)//CKDHL1715677,7.889147405,243.4047702,74.74462348
(CML543/CML566)//CKDHL1715678,7.558798196,243.799582,78.32510309
(CML543/CML566)//CKDHL1715679,7.570472703,240.608015,77.59282312
(CML543/CML566)//CKDHL1715680,6.24360846,224.1563092,72.34430462
(CML543/CML566)//CKDHL1715686,6.942083155,234.302658,74.61281816
(CML543/CML566)//CKDHL1715690,6.865785121,238.4370897,77.00976735
(CML543/CML566)//CKDHL1715694,7.278527519,240.7363114,74.49521063
(CML543/CML566)//CKDHL1715698,7.028978487,226.5860131,74.43564613
(CML543/CML566)//CKDHL1715699,7.357576337,243.4943134,74.51929995
(CML543/CML566)//CKDHL1715700,7.020373666,234.3613683,75.02105771
(CML543/CML566)//CKDHL1715702,7.114082233,238.0689351,72.83615257
(CML543/CML566)//CKDHL1715708,7.049840346,234.8831673,74.77530431
(CML543/CML566)//CKDHL1715711,6.99882595,234.6965769,74.6232485
(CML543/CML566)//CKDHL1715713,6.739274064,228.3363987,73.85787823
(CML543/CML566)//CKDHL1715714,6.824855723,240.0369157,75.17779348
(CML543/CML566)//CKDHL1715716,6.81925227,232.7523337,74.08769812
(CML543/CML566)//CKDHL1715717,6.721949458,228.8768693,71.0501153
(CML543/CML566)//CKDHL1715718,7.932825791,236.0194782,75.31598945
(CML543/CML566)//CKDHL1715724,6.600383626,242.9134861,76.38612835
(CML543/CML566)//CKDHL1715726,7.051082222,244.3531671,73.84851864
(CML543/CML566)//CKDHL1715729,6.631812888,225.7846164,75.79685547
(CML543/CML566)//CKDHL1715731,6.650194203,238.0502953,74.62326182
(CML543/CML566)//CKDHL1715735,7.065454009,239.0589754,73.87261801
(CML543/CML566)//CKDHL1715738,6.749627223,242.3496789,74.33762843
(CML543/CML566)//CKDHL1715741,6.458187605,244.800057,74.66959773
(CML543/CML566)//CKDHL1715744,7.44956988,242.930684,75.65544306
(CML543/CML566)//CKDHL1715745,6.696466536,235.2108552,74.17377762
(CML543/CML566)//CKDHL1715746,6.838628756,246.9074451,73.46147491
(CML543/CML566)//CKDHL1715747,7.264488209,236.6413295,76.79105743
(CML543/CML566)//CKDHL1715749,7.680237408,245.8837349,75.90486363
(CML543/CML566)//CKDHL1715751,7.304050977,241.2488618,75.66621984
(CML543/CML566)//CKDHL1715752,6.999263298,232.9230035,73.64988821
(CML543/CML566)//CKDHL1715754,7.125892301,247.1895841,74.22315516
(CML543/CML566)//CKDHL1715756,6.379154134,232.7747405,75.08371827
(CML543/CML566)//CKDHL1715760,7.186626195,239.691602,75.07678229
(CML543/CML566)//CKDHL1715764,7.363288745,238.248106,74.93388846
(CML543/CML566)//CKDHL1715766,6.557975208,236.4417441,73.8855005
(CML543/CML566)//CKDHL1715768,7.526892107,245.9405406,74.07984202
(CML543/CML566)//CKDHL1715769,6.682362813,226.5629073,75.49895481
(CML543/CML566)//CKDHL1715772,7.072434475,241.6106204,72.92260988
(CML543/CML566)//CKDHL1715773,6.547820192,234.8578943,75.10889501
(CML543/CML566)//CKDHL1715774,6.765480599,242.2311364,76.28173634
(CML543/CML566)//CKDHL1715775,7.438312936,244.5716298,75.79404468
(CML543/CML566)//CKDHL1715777,6.279705736,232.2328049,73.57245051
(CML543/CML566)//CKDHL1715778,6.294778007,237.562787,77.11428998
(CML543/CML566)//CKDHL1715779,5.929789419,232.0386705,73.36578383
(CML543/CML566)//CKDHL1715787,6.805919196,242.5262748,75.37641171
(CML543/CML566)//CKDHL1715789,6.612495606,229.8024197,72.92836382
(CML543/CML566)//CKDHL1715790,6.994648554,244.4457874,75.61198646
(CML543/CML566)//CKDHL1715791,6.816430575,247.7381776,75.80013866
(CML543/CML566)//CKDHL1715794,6.860854954,233.0392249,75.0620348
(CML543/CML566)//CKDHL1715795,6.929588582,238.4788733,77.23689388
(CML543/CML566)//CKDHL1715799,6.853719761,236.2628796,73.88588594
(CML543/CML566)//CKDHL1715800,7.15541734,240.4614872,75.53310342
(CML543/CML566)//CKDHL1715804,6.377825175,239.1169295,74.26261785
(CML543/CML566)//CKDHL1715807,7.502520012,239.0651082,73.72505596
(CML543/CML566)//CKDHL1715808,7.077387557,242.2097552,76.07093654
(CML543/CML566)//CKDHL1715809,7.534352839,235.9658954,75.21173759
(CML543/CML566)//CKDHL1715812,6.981546308,242.595078,72.87187405
(CML543/CML566)//CKDHL1715813,7.199611201,247.3521065,75.0490282
(CML543/CML566)//CKDHL1715814,7.085428808,236.5813203,74.85069285
(CML543/CML566)//CKDHL1715815,7.419527973,242.0631654,75.54553801
(CML543/CML566)//CKDHL1715819,7.106004095,235.5950572,73.31197438
(CML543/CML566)//CKDHL1715820,7.246767389,245.1180298,73.77917043
(CML543/CML566)//CKDHL1715825,6.722795526,250.6935728,77.54744337
(CML543/CML566)//CKDHL1715828,7.236066907,245.7334052,75.79069966
(CML543/CML566)//CKDHL1715829,6.346404657,235.0115681,73.99452609
(CML543/CML566)//CKDHL1715830,7.534770792,235.7117125,74.91876953
(CML543/CML566)//CKDHL1715831,6.874790066,233.6523959,73.01911052
(CML543/CML566)//CKDHL1715832,6.732678667,231.466733,72.47870775
(CML543/CML566)//CKDHL1715837,6.322525633,235.8227797,75.79653381
(CML543/CML566)//CKDHL1715839,6.838983262,236.6906005,74.78304474
(CML543/CML566)//CKDHL1715840,7.16081538,240.8115756,72.56951945
(CML543/CML566)//CKDHL1715841,6.869503868,243.4918252,76.35734879
(CML543/CML566)//CKDHL1715842,6.392412019,228.3599635,73.78629517
(CML543/CML566)//CKDHL1715843,7.345974559,246.0099368,77.93999365
(CML543/CML566)//CKDHL1715844,7.453181335,249.7545536,75.37892699
(CML543/CML566)//CKDHL1715846,6.684309249,224.6512499,73.30240015
(CML543/CML566)//CKDHL1715847,6.792347784,246.2706335,76.08493566
(CML543/CML566)//CKDHL1715848,7.877404566,246.4554063,76.30537255
(CML543/CML566)//CKDHL1715849,6.720046362,233.2943094,72.90854877
(CML543/CML566)//CKDHL1715850,7.401499757,248.2713716,78.06859378
(CML543/CML566)//CKDHL1715852,6.980745838,237.914973,72.38978926
(CML543/CML566)//CKDHL1715853,7.393870063,236.5429326,75.07216685
(CML543/CML566)//CKDHL1715856,7.038881115,243.2517384,72.94117533
(CML543/CML566)//CKDHL1715857,7.3151522,225.757878,73.50837949
(CML543/CML566)//CKDHL1715861,7.637210236,243.7572219,73.42250076
(CML543/CML566)//CKDHL1715864,7.369133174,222.9460475,71.23633199
(CML543/CML566)//CKDHL1715866,7.079828672,237.2168333,74.34167834
(CML543/CML566)//CKDHL1715870,7.062033454,239.2544662,74.52277898
(CML543/CML566)//CKDHL1715871,6.095000069,219.1098022,72.34448528
(CML543/CML566)//CKDHL1715879,7.054913603,243.3738172,72.36624374
(CML543/CML566)//CKDHL1715880,6.866233569,229.3311699,76.10928933
(CML543/CML566)//CKDHL1715882,7.107968907,243.0485928,73.78398754
(CML543/CML566)//CKDHL1715883,7.032529481,240.8155259,73.00772087
(CML543/CML566)//CKDHL1715886,7.07313673,251.6680667,76.77378169
(CML543/CML566)//CKDHL1715887,6.913401367,237.5674066,75.87538179
(CML543/CML566)//CKDHL1715891,6.808515392,232.9079577,74.59718767
(CML543/CML566)//CKDHL1715892,7.159114958,238.4015974,74.57451549
(CML543/CML566)//CKDHL1715895,6.638010678,230.7507241,73.18810597
(CML543/CML566)//CKDHL1715896,7.656620734,242.1792297,74.42672282
(CML543/CML566)//CKDHL1715898,7.754665196,234.1948455,74.7138186
(CML543/CML566)//CKDHL1715900,7.17589939,238.7160031,73.2241533
(CML543/CML566)//CKDHL1715901,8.065094689,240.8195757,72.78972185
(CML543/CML566)//CKDHL1715902,6.693788765,243.931552,76.92603264
(CML543/CML566)//CKDHL1715907,6.934824417,238.261236,76.2707782
(CML543/CML566)//CKDHL1715909,7.546294996,236.2471744,73.72282613
(CML543/CML566)//CKDHL1715910,7.233277473,235.0873666,74.29107572
(CML543/CML566)//CKDHL1715912,6.49068066,238.4923363,76.59159694
(CML543/CML566)//CKDHL1715915,7.837777067,243.2508708,76.58366446
(CML543/CML566)//CKDHL1715918,8.022944605,242.586218,74.10977177
(CML543/CML566)//CKDHL1715919,6.98969767,241.8081997,72.54206285
(CML543/CML566)//CKDHL1715921,7.128828299,232.11052,72.84277597
(CML543/CML566)//CKDHL1715922,7.445312415,225.9418953,74.40470562
(CML543/CML566)//CKDHL1715927,7.859163825,237.1516638,74.04189322
(CML543/CML566)//CKDHL1715928,7.620751437,241.1618825,74.19142028
(CML543/CML566)//CKDHL1715931,6.8818959,236.9294888,73.64183429
(CML543/CML566)//CKDHL1715932,7.673464834,251.1357357,74.89823885
(CML543/CML566)//CKDHL1715934,7.237355194,232.9569933,74.72991077
(CML543/CML566)//CKDHL1715940,8.028966346,250.9922496,76.03148495
(CML543/CML566)//CKDHL1717302,6.450638673,227.0750944,78.0471245
(CML543/CML566)//CKDHL1717350,7.571856211,239.1098697,75.16712437
(CML543/CML566)//CKDHL1717354,7.781349926,236.6148592,75.99305567
(CML543/CML566)//CKDHL1717363,7.063613721,241.0210966,75.61268522
(CML543/CML566)//CKDHL1717366,7.043949435,229.2039186,73.41065849
(CML543/CML566)//CKDHL1717390,6.202488927,233.9859902,77.29458205
(CML543/CML566)//CKDHL1717394,6.951740625,238.7239237,74.00662004
(CML543/CML566)//CKDHL1717398,7.141807596,237.409451,75.50280019
(CML543/CML566)//CKDHL1717403,6.539661275,232.340242,76.87197945
(CML543/CML566)//CKDHL1717404,7.134538168,239.9688338,75.19594032
(CML543/CML566)//CKDHL1717421,6.936633922,227.0028584,74.51036479
(CML543/CML566)//CKDHL1717463,6.353389947,232.3027841,71.90104062
(CML543/CML566)//CKDHL1717479,7.347807038,244.8876304,75.51063741
(CML543/CML566)//CKDHL1717481,6.875199307,236.0906536,76.9670493
(CML543/CML566)//CKDHL1717483,6.974177665,237.6116896,75.56362117
(CML543/CML566)//CKDHL1717507,7.196175815,242.2064538,73.76777509
(CML543/CML566)//CKDHL1717508,7.224098383,236.0619849,74.97654534
(CML543/CML566)//CKDHL1717519,6.51593388,226.238682,73.72951391
(CML543/CML566)//CKDHL1717527,7.867506094,241.1695389,75.17188463
(CML543/CML566)//CKDHL1717529,7.186446854,245.9136684,76.95049685
(CML543/CML566)//CKDHL1717535,5.967457128,232.355809,78.17092704
(CML543/CML566)//CKDHL1718483,6.997153922,232.7621669,73.0748492
(CML543/CML566)//CKDHL1718565,6.90673879,231.721119,75.50483159
(CML543/CML566)//CKDHL1718642,6.86797593,225.9685321,72.68872602
(CML543/CML566)//CKDHL1718746,6.149449341,233.8671203,75.55661192
(CML543/CML566)//CKDHL1719134,6.249307307,234.2178226,78.04490075
(CML543/CML566)//CKDHL1719284,7.149644525,240.5580493,73.73702153
(CML543/CML566)//CKDHL1720436,6.210595362,235.6976097,80.78014446
(CML543/CML566)//CKDHL1720438,6.458049193,226.8269601,79.71618643
(CML543/CML566)//CKDHL1720452,6.278086951,224.254853,80.86422137
(CML543/CML566)//CKDHL1720469,5.499472375,224.7362615,81.91814403
(CML543/CML566)//CKDHL1720562,5.976935442,223.4916878,79.59978508
(CML543/CML566)//CKDHL1720581,6.578661372,233.5683615,78.19651268
(CML543/CML566)//CKDHL1720616,6.228367917,229.2732468,79.44604789
(CML543/CML566)//CKDHL1720643,5.791623057,228.9264639,76.99505717
(CML543/CML566)//CKDHL1720648,6.232788266,238.4707918,79.91443352
(CML543/CML566)//CKDHL1720663,5.919749419,235.6224624,79.97458662
(CML543/CML566)//CKDHL1720667,7.067712391,228.2923464,78.52443657
(CML543/CML566)//CKDHL1720696,6.126945284,227.0714263,76.25397093
(CML543/CML566)//CKDHL1720758,6.535780196,232.2797482,78.24036702
(CML543/CML566)//CKDHL1720872,6.086908953,245.8625445,78.91868427
(CML543/CML566)//CKDHL1720891,6.810573688,233.1030486,79.24568551
(CML566/CML569)//CKDHL1706815,6.21500321,238.0408716,71.58454529
(CML566/CML569)//CKDHL1706862,6.806726504,239.1416935,72.29151163
(CML566/CML569)//CKDHL1706884,6.952934294,244.4932334,74.0091519
(CML566/CML569)//CKDHL1706887,7.404949886,243.934975,75.40085341
(CML566/CML569)//CKDHL1706909,5.991128122,243.6519252,70.44552359
(CML566/CML569)//CKDHL1706939,6.520560128,246.4415601,73.96641428
(CML566/CML569)//CKDHL1715255,6.166427506,228.085995,73.54709046
(CML566/CML569)//CKDHL1715260,6.594426965,245.1481831,74.52514968
(CML566/CML569)//CKDHL1715316,6.961541431,241.2209764,74.10995172
(CML566/CML569)//CKDHL1715381,6.224503145,232.245605,73.81826309
(CML566/CML569)//CKDHL1715408,6.067803263,229.6880484,74.72465041
(CML566/CML569)//CKDHL1715411,6.767007251,239.1737704,75.76176945
(CML566/CML569)//CKDHL1715442,6.352797002,230.9538288,75.20686525
(CML566/CML569)//CKDHL1715475,6.775319095,241.2140287,74.64479043
(CML566/CML569)//CKDHL1715480,6.544421322,228.5691828,72.57229571
(CML566/CML569)//CKDHL1715486,6.465583108,239.204863,74.81622773
(CML566/CML569)//CKDHL1715490,6.544214326,237.8793027,76.63681363
(CML566/CML569)//CKDHL1715496,5.782150695,228.9836597,76.67905237
(CML566/CML569)//CKDHL1715497,6.931905303,239.8385738,75.67988299
(CML566/CML569)//CKDHL1715500,6.273233128,239.3398526,73.94975062
(CML566/CML569)//CKDHL1715506,6.568476875,241.0890465,74.9399688
(CML566/CML569)//CKDHL1715529,6.324307035,235.3896112,72.18062175
(CML566/CML569)//CKDHL1715607,6.579879032,242.4371102,76.65096919
(CML566/CML569)//CKDHL1715617,6.15725274,233.1467892,73.45886025
(CML566/CML569)//CKDHL1715634,6.876134186,249.2065208,74.62878127
(CML566/CML569)//CKDHL1715637,6.627417333,232.4194043,74.34323666
(CML566/CML569)//CKDHL1715648,6.748892052,244.1326263,75.03646183
(CML566/CML569)//CKDHL1715658,7.146449503,251.0856175,76.25487653
(CML566/CML569)//CKDHL1715659,6.969848053,240.4035489,72.93002863
(CML566/CML569)//CKDHL1715661,6.648524227,240.7034997,73.14116898
(CML566/CML569)//CKDHL1715668,6.870760344,253.2966754,75.3004398
(CML566/CML569)//CKDHL1715671,6.138684151,234.3104682,73.23426254
(CML566/CML569)//CKDHL1715674,7.213935078,247.4388745,76.572477
(CML566/CML569)//CKDHL1715677,6.580577893,242.9980657,74.25820569
(CML566/CML569)//CKDHL1715678,6.741462423,245.640413,76.88243075
(CML566/CML569)//CKDHL1715679,7.026744528,246.232038,77.41735417
(CML566/CML569)//CKDHL1715680,6.606184891,225.7211808,72.83383196
(CML566/CML569)//CKDHL1715686,6.065556105,238.3241442,73.63659257
(CML566/CML569)//CKDHL1715690,6.489496052,242.1450057,76.37532772
(CML566/CML569)//CKDHL1715694,6.245565361,245.9283737,73.31299455
(CML566/CML569)//CKDHL1715698,6.652691777,240.5291575,72.9649916
(CML566/CML569)//CKDHL1715699,6.412569385,245.2319993,73.89577179
(CML566/CML569)//CKDHL1715700,6.812800064,238.8291075,74.3641881
(CML566/CML569)//CKDHL1715702,6.720412204,239.6122307,72.16886712
(CML566/CML569)//CKDHL1715708,6.616228918,234.9175195,72.55844643
(CML566/CML569)//CKDHL1715711,6.938023473,232.5145502,75.33844018
(CML566/CML569)//CKDHL1715713,6.342251499,236.2708366,73.51743359
(CML566/CML569)//CKDHL1715714,6.660291416,238.3757035,73.97914701
(CML566/CML569)//CKDHL1715716,6.669928663,228.8112208,73.21249214
(CML566/CML569)//CKDHL1715717,5.952222126,231.1706442,70.66776373
(CML566/CML569)//CKDHL1715718,7.000001437,234.7495642,75.43718192
(CML566/CML569)//CKDHL1715724,6.45499914,245.3908718,75.6724856
(CML566/CML569)//CKDHL1715726,6.95958935,244.6365284,74.05549139
(CML566/CML569)//CKDHL1715729,6.236589568,220.2930243,75.67294391
(CML566/CML569)//CKDHL1715731,7.265291024,242.6354746,74.12923618
(CML566/CML569)//CKDHL1715735,6.503460029,234.9141532,72.64066694
(CML566/CML569)//CKDHL1715738,6.258465449,240.1118566,76.01972209
(CML566/CML569)//CKDHL1715741,6.226709715,244.5206741,74.50933508
(CML566/CML569)//CKDHL1715744,6.308557428,240.6888361,74.62977286
(CML566/CML569)//CKDHL1715745,6.557448276,234.9797676,73.04590706
(CML566/CML569)//CKDHL1715746,5.735933685,244.6363713,71.90847625
(CML566/CML569)//CKDHL1715747,7.121484514,240.1586141,74.5121457
(CML566/CML569)//CKDHL1715749,6.842592025,246.9273168,75.63809773
(CML566/CML569)//CKDHL1715751,6.13031334,241.1386421,74.07192055
(CML566/CML569)//CKDHL1715752,7.094430446,234.4084611,72.51349285
(CML566/CML569)//CKDHL1715754,6.93216165,243.5556121,72.42219076
(CML566/CML569)//CKDHL1715756,6.719355557,231.3622186,73.80575996
(CML566/CML569)//CKDHL1715760,6.588238468,238.1127923,75.79016274
(CML566/CML569)//CKDHL1715764,6.793076407,240.6137614,73.78285534
(CML566/CML569)//CKDHL1715766,6.44973087,230.8240213,72.2896905
(CML566/CML569)//CKDHL1715768,6.86427962,240.3939679,75.78383335
(CML566/CML569)//CKDHL1715769,6.335643333,223.1912269,75.83267016
(CML566/CML569)//CKDHL1715772,7.232286382,246.7300471,72.00219761
(CML566/CML569)//CKDHL1715773,6.590756277,236.7012931,74.60144998
(CML566/CML569)//CKDHL1715774,7.18394223,244.0859722,75.67076332
(CML566/CML569)//CKDHL1715775,6.98176558,244.8484907,73.93447735
(CML566/CML569)//CKDHL1715777,6.430242443,232.6201824,74.01577713
(CML566/CML569)//CKDHL1715778,6.793358558,242.2645477,76.55534016
(CML566/CML569)//CKDHL1715779,6.114184118,239.5502729,72.54104359
(CML566/CML569)//CKDHL1715787,7.109353253,244.55211,74.36796519
(CML566/CML569)//CKDHL1715789,6.51502704,238.7692647,73.06438766
(CML566/CML569)//CKDHL1715790,7.379962509,249.8197273,75.08294082
(CML566/CML569)//CKDHL1715791,6.115341092,248.5880361,75.63077912
(CML566/CML569)//CKDHL1715794,6.155771976,241.2577482,73.41924436
(CML566/CML569)//CKDHL1715795,6.533165033,237.4318978,75.70085614
(CML566/CML569)//CKDHL1715799,6.643158988,236.3432763,73.40295157
(CML566/CML569)//CKDHL1715800,7.223637469,243.4056195,74.63266432
(CML566/CML569)//CKDHL1715804,5.894557921,233.4394046,73.48730363
(CML566/CML569)//CKDHL1715807,7.271815003,242.0425704,73.16985333
(CML566/CML569)//CKDHL1715808,6.675504115,245.1002015,75.6844692
(CML566/CML569)//CKDHL1715809,7.242120042,242.6700021,73.94286185
(CML566/CML569)//CKDHL1715812,6.079329632,245.9779247,73.17034568
(CML566/CML569)//CKDHL1715813,5.980238905,243.8307728,75.23880838
(CML566/CML569)//CKDHL1715814,6.501865988,238.634049,72.24350999
(CML566/CML569)//CKDHL1715815,6.888837718,245.1526957,74.8706148
(CML566/CML569)//CKDHL1715819,5.885772839,231.5208248,72.15152868
(CML566/CML569)//CKDHL1715820,6.571907282,244.2540355,73.04303238
(CML566/CML569)//CKDHL1715828,7.151144315,247.7957095,73.52106781
(CML566/CML569)//CKDHL1715829,5.990894016,240.6452736,73.71699104
(CML566/CML569)//CKDHL1715830,6.658244155,237.4419536,74.86239029
(CML566/CML569)//CKDHL1715831,6.708885083,230.5685763,71.65912272
(CML566/CML569)//CKDHL1715832,7.200745732,233.8351362,71.15546356
(CML566/CML569)//CKDHL1715837,6.693809673,239.0433291,75.42470456
(CML566/CML569)//CKDHL1715839,6.543895105,233.2160768,74.59055379
(CML566/CML569)//CKDHL1715840,7.735274271,245.1095403,71.33322582
(CML566/CML569)//CKDHL1715841,6.688351793,242.7380273,76.38022379
(CML566/CML569)//CKDHL1715842,6.616548534,224.6281128,71.70435531
(CML566/CML569)//CKDHL1715843,6.522950009,241.72892,77.85919018
(CML566/CML569)//CKDHL1715844,6.850416107,247.9253547,72.94548687
(CML566/CML569)//CKDHL1715846,6.419443985,229.5335548,72.75316657
(CML566/CML569)//CKDHL1715847,7.436299251,245.5981263,76.50343599
(CML566/CML569)//CKDHL1715848,7.646551506,247.3299639,74.63457577
(CML566/CML569)//CKDHL1715849,6.42800009,228.5712342,72.61041355
(CML566/CML569)//CKDHL1715850,7.160738945,250.5083877,76.56538861
(CML566/CML569)//CKDHL1715852,7.420183194,239.9569051,72.4566781
(CML566/CML569)//CKDHL1715853,6.503252796,239.2950596,73.96443741
(CML566/CML569)//CKDHL1715856,6.837666086,244.8281428,73.35051788
(CML566/CML569)//CKDHL1715857,7.216014833,242.4311788,73.44051881
(CML566/CML569)//CKDHL1715861,7.206588919,242.4261597,73.02866155
(CML566/CML569)//CKDHL1715864,6.511331745,228.485892,71.50183498
(CML566/CML569)//CKDHL1715866,6.445083741,243.4430103,74.17051029
(CML566/CML569)//CKDHL1715870,7.380219067,238.4996097,73.81251399
(CML566/CML569)//CKDHL1715871,6.074062364,230.4506862,71.72042052
(CML566/CML569)//CKDHL1715879,6.952025568,246.3503785,71.4228687
(CML566/CML569)//CKDHL1715880,7.097980209,237.1280999,74.50946344
(CML566/CML569)//CKDHL1715882,6.708808291,245.8154213,73.11770386
(CML566/CML569)//CKDHL1715883,6.25570055,242.6604262,72.31280346
(CML566/CML569)//CKDHL1715886,6.673330054,251.0531601,75.93953567
(CML566/CML569)//CKDHL1715887,6.288561399,237.9659929,74.7201152
(CML566/CML569)//CKDHL1715891,6.086215492,236.5641128,74.08486557
(CML566/CML569)//CKDHL1715892,6.882431906,238.1840984,73.20969703
(CML566/CML569)//CKDHL1715895,6.550941646,235.2699065,73.47276399
(CML566/CML569)//CKDHL1715896,7.819225885,245.501648,74.5965099
(CML566/CML569)//CKDHL1715898,7.144194293,228.7468196,74.164168
(CML566/CML569)//CKDHL1715900,7.07216048,239.3618534,73.50792316
(CML566/CML569)//CKDHL1715901,7.143407966,233.9464915,72.55934981
(CML566/CML569)//CKDHL1715902,6.336001033,248.3769641,74.98999291
(CML566/CML569)//CKDHL1715907,6.842008372,240.2107308,76.17246408
(CML566/CML569)//CKDHL1715909,6.742702397,229.5980107,74.42156584
(CML566/CML569)//CKDHL1715910,6.37096105,235.8117479,72.59934666
(CML566/CML569)//CKDHL1715912,7.183037284,244.9214656,75.84069461
(CML566/CML569)//CKDHL1715915,6.694873959,242.1467216,76.75283155
(CML566/CML569)//CKDHL1715918,7.112744222,238.7423269,74.20792683
(CML566/CML569)//CKDHL1715919,7.070180906,239.7353433,72.6668816
(CML566/CML569)//CKDHL1715921,6.865738845,236.1769371,71.28452349
(CML566/CML569)//CKDHL1715922,7.154154636,231.6784728,74.13270045
(CML566/CML569)//CKDHL1715927,6.853289536,234.473812,73.9053349
(CML566/CML569)//CKDHL1715928,6.392023633,238.697446,73.16769065
(CML566/CML569)//CKDHL1715931,6.022211485,236.2737735,73.0455072
(CML566/CML569)//CKDHL1715932,6.83377746,248.8713132,74.67664769
(CML566/CML569)//CKDHL1715934,7.414404791,233.2410432,72.27499847
(CML566/CML569)//CKDHL1715940,7.657824598,244.2828543,76.41857807
(CML566/CML569)//CKDHL1717302,5.585256674,227.9219731,77.46525546
(CML566/CML569)//CKDHL1717350,7.314239371,239.5801605,74.28799244
(CML566/CML569)//CKDHL1717354,6.801283878,241.0141786,75.00717181
(CML566/CML569)//CKDHL1717363,7.034237487,238.4492642,74.75156744
(CML566/CML569)//CKDHL1717366,6.075998908,229.8874319,72.78943003
(CML566/CML569)//CKDHL1717390,6.396930061,227.8856749,74.72260109
(CML566/CML569)//CKDHL1717394,6.712263523,234.2420706,74.6558796
(CML566/CML569)//CKDHL1717398,7.333526431,235.3205703,73.79823222
(CML566/CML569)//CKDHL1717403,6.697535529,232.2504616,76.62685805
(CML566/CML569)//CKDHL1717404,6.804518766,237.7825615,73.5838912
(CML566/CML569)//CKDHL1717421,6.143714436,226.7346556,73.30376568
(CML566/CML569)//CKDHL1717463,6.259260401,232.7881219,72.35845806
(CML566/CML569)//CKDHL1717479,6.186708252,244.6269804,75.12229859
(CML566/CML569)//CKDHL1717481,7.026092104,236.6369949,75.22056021
(CML566/CML569)//CKDHL1717483,6.404649964,236.2261076,73.82951624
(CML566/CML569)//CKDHL1717507,6.922193685,248.2169112,72.88675864
(CML566/CML569)//CKDHL1717508,6.333123844,234.1502205,74.77766371
(CML566/CML569)//CKDHL1717519,6.626603883,229.6533205,74.87287162
(CML566/CML569)//CKDHL1717527,7.177328086,243.3014397,74.8056941
(CML566/CML569)//CKDHL1717529,6.860683425,247.7176906,76.2162888
(CML566/CML569)//CKDHL1717535,6.098813153,236.4843794,75.80246933
(CML566/CML569)//CKDHL1718483,6.007326481,229.2944774,73.16547575
(CML566/CML569)//CKDHL1718565,6.433426205,240.0043035,73.98406005
(CML566/CML569)//CKDHL1718642,7.031763508,225.056318,72.91298087
(CML566/CML569)//CKDHL1718746,6.260138043,236.2898233,73.89375403
(CML566/CML569)//CKDHL1719134,5.824800609,241.7164022,77.28700837
(CML566/CML569)//CKDHL1719284,6.266426097,241.6376196,73.55847039
(CML566/CML569)//CKDHL1720436,5.924920995,237.0482751,80.13418769
(CML566/CML569)//CKDHL1720438,6.65238489,229.2861546,79.16419579
(CML566/CML569)//CKDHL1720452,5.435095873,228.9769671,80.47093765
(CML566/CML569)//CKDHL1720469,6.420665884,232.7674862,79.71322609
(CML566/CML569)//CKDHL1720562,5.256108982,218.282634,77.97129673
(CML566/CML569)//CKDHL1720581,6.069153982,235.0565793,76.85324856
(CML566/CML569)//CKDHL1720616,6.197186686,228.0792991,80.28166495
(CML566/CML569)//CKDHL1720617,5.72356376,221.9683815,76.07060457
(CML566/CML569)//CKDHL1720643,5.653636994,228.8376109,75.69709611
(CML566/CML569)//CKDHL1720648,5.957811729,232.3466218,80.17281415
(CML566/CML569)//CKDHL1720663,5.976831481,230.1588206,78.62559915
(CML566/CML569)//CKDHL1720667,5.970561707,222.0922796,78.29296348
(CML566/CML569)//CKDHL1720696,5.787834158,227.5071658,76.36176469
(CML566/CML569)//CKDHL1720758,5.926845429,231.7088891,78.03632906
(CML566/CML569)//CKDHL1720872,5.598007066,225.2811373,77.64214868
(CML566/CML569)//CKDHL1720891,7.005710916,228.284048,78.12963564
CKHFAW190299,6.570975635,235.4955177,73.98503295
CKHFAW190413,5.80243547,238.172392,74.78409308
DH04,5.090052518,228.1621556,72.11535204
DK777,6.517513716,232.0036631,72.90613663
DK8031,5.635434843,231.5730084,71.32160764
DLSH103,5.545067673,217.2980355,69.99342718
Duma 43,5.249068638,234.7255717,68.23824302
PAN 4M-19,4.867563745,217.0412225,68.48552071
PH 30G19,6.82426915,245.4414398,73.68918028
WE3101,6.451933823,232.864705,74.41732941
WE3106,7.242928699,244.2525883,75.98756261
WH403,6.107057137,237.4451305,75.0639757
