REP,block,ENTRY,T1,T2,T3,T4
1,1,1,165.8352,41.5268,34.4409,23.7676
2,1,1,166.8813,35.9359,38.0552,22.48
3,1,1,174.5154,42.455,35.8819,23.1448
4,1,1,150.6235,38.5967,30.2551,23.0601
1,1,2,150.7461,53.7737,35.0019,20.1477
2,1,2,143.9847,47.4559,39.1131,17.9132
3,1,2,133.0459,47.2444,29.8312,20.5984
4,1,2,149.7691,54.6184,34.6662,19.5861
1,1,3,142.1326,50.8256,37.4618,20.0013
2,1,3,167.8302,48.0724,42.2965,20.1575
3,1,3,166.7533,46.4652,34.223,18.353
4,1,3,153.2202,46.7876,37.6035,17.6251
1,1,4,166.9536,47.2296,31.9817,24.1929
2,1,4,185.8111,50.142,32.4032,25.7319
3,1,4,171.1859,48.373,31.4216,25.4736
4,1,4,145.253,46.1739,26.1405,23.5909
1,1,5,152.4967,49.6705,31.3214,25.0141
2,1,5,170.6508,50.0143,33.0381,25.7407
3,1,5,167.077,46.9501,31.4194,25.0787
4,1,5,166.2273,52.934,32.3491,25.4439
1,1,6,179.5407,39.5706,29.5517,20.6529
2,1,6,157.4111,45.3734,29.7634,17.997
3,1,6,166.9063,43.8441,33.0772,20.1919
4,1,6,161.1896,32.9583,27.3378,23.3474
1,1,7,152.5788,54.2718,30.0375,19.3395
2,1,7,157.965,54.304,30.7469,18.5761
3,1,7,147.9536,50.0126,29.0855,19.1645
4,1,7,159.8734,50.2858,31.3507,18.3589
1,1,8,154.8235,37.7201,29.5861,21.4071
2,1,8,173.4931,42.479,35.1062,22.7809
3,1,8,150.7799,43.1375,27.1182,20.3702
4,1,8,160.911,48.3079,33.1173,19.2447
1,1,9,155.0756,42.5305,35.3189,17.4421
2,1,9,155.8861,48.9855,35.1106,19.2347
3,1,9,159.3328,44.3794,35.6211,19.0844
4,1,9,163.7352,49.365,32.0473,17.6942
1,1,10,161.504,43.849,37.3255,20.8636
2,1,10,166.5039,41.1287,37.0832,22.0383
3,1,10,173.5979,50.2784,34.2503,18.4269
4,1,10,152.9012,46.4445,34.2563,16.9452
1,1,11,140.6271,42.5848,36.4823,17.9144
2,1,11,180.7798,46.3216,30.2923,19.833
3,1,11,136.3752,48.0837,34.2299,18.4743
4,1,11,166.8441,50.0286,41.2957,18.4983
1,1,12,168.0173,46.9266,39.2436,23.078
2,1,12,181.8288,30.383,30.2755,19.4607
3,1,12,172.5646,44.9091,33.9942,19.0522
4,1,12,163.1015,42.4649,36.9976,21.9277
1,1,13,147.714,57.2239,31.8897,18.898
2,1,13,148.2707,54.8761,36.6649,19.1109
3,1,13,156.0482,50.5379,34.3759,17.9599
4,1,13,160.6483,54.0796,41.9973,17.208
1,1,14,142.9153,48.7155,28.3857,19.6226
2,1,14,157.1292,54.0115,34.3694,18.7278
3,1,14,150.6563,54.8783,30.8991,20.3714
4,1,14,148.8553,51.6961,30.8705,20.1372
1,1,15,159.7706,42.7228,33.7115,19.7472
2,1,15,163.7754,49.1578,33.1824,22.6604
3,1,15,159.152,46.6732,31.4199,22.4772
4,1,15,155.8144,57.4961,28.5665,20.031
1,1,16,154.2488,49.8769,33.7125,23.4395
2,1,16,181.8805,37.449,31.2445,19.3151
3,1,16,151.1027,41.9433,30.0957,24.0805
4,1,16,155.5605,40.7637,36.9224,27.4545
1,1,17,149.5841,48.7697,37.3808,17.4216
2,1,17,153.6247,46.6931,24.6242,20.3543
3,1,17,164.968,39.5022,24.6325,17.7318
4,1,17,160.0969,46.9758,26.9803,18.3516
1,1,18,170.9209,38.172,35.9856,23.9665
2,1,18,168.2307,41.6919,34.4795,26.894
3,1,18,160.8515,44.2996,39.1954,26.9192
4,1,18,170.0011,42.6142,37.2622,29.9366
1,1,19,173.1863,50.0676,35.7369,24.1394
2,1,19,163.8985,49.277,34.1987,23.9625
3,1,19,151.2447,53.9168,34.6502,22.831
4,1,19,148.3498,49.1469,40.3985,23.3597
1,1,20,162.3936,48.8416,40.56,17.9077
2,1,20,155.2911,49.9384,36.3494,19.0218
3,1,20,162.2304,41.9439,38.9863,17.7146
4,1,20,167.2946,45.5884,33.4088,18.8195
1,1,21,165.7329,48.5701,29.7673,20.6677
2,1,21,167.7756,52.0109,31.2593,17.6515
3,1,21,144.7907,54.9664,29.2178,21.7788
4,1,21,156.4015,55.1669,30.2439,18.5381
1,1,22,152.1032,48.699,31.4357,27.3774
2,1,22,166.2701,58.265,27.243,28.5528
3,1,22,141.1429,61.6324,38.4836,25.0018
4,1,22,161.9987,53.3083,29.8745,26.5804
1,1,23,169.3754,55.5413,31.8806,18.9123
2,1,23,159.9488,43.8282,32.0064,19.7331
3,1,23,168.0033,51.3562,39.7247,23.2337
4,1,23,147.4015,55.8794,36.5987,20.9314
1,1,24,149.2488,38.4892,35.6686,21.8728
2,1,24,160.215,31.11,37.1236,23.3697
3,1,24,166.5422,36.3228,35.495,22.3746
4,1,24,170.6152,38.6072,37.0433,21.0825
1,1,25,166.2798,53.7032,32.3548,19.291
2,1,25,163.3818,51.4786,33.3408,17.7067
3,1,25,144.8855,50.3145,26.2137,20.9942
4,1,25,154.013,54.1868,37.6717,18.3857
1,1,26,175.1844,49.9859,34.7959,23.2233
2,1,26,142.8288,54.9489,38.8256,22.3535
3,1,26,160.3893,53.4154,36.3226,21.2902
4,1,26,138.6099,55.2641,33.0629,20.7453
1,1,27,141.1627,49.2773,32.1457,18.2758
2,1,27,155.2859,54.3942,29.7654,21.3453
3,1,27,171.2413,52.3295,33.8716,16.8365
4,1,27,145.8516,47.7144,34.8789,21.2388
1,1,28,146.8497,50.0473,33.3057,23.1716
2,1,28,168.4389,48.9834,39.7146,20.6863
3,1,28,160.5924,52.2285,41.1471,20.6419
4,1,28,142.9063,50.2399,33.7438,20.4115
1,1,29,152.923,43.3096,33.5034,18.9381
2,1,29,149.9307,51.4791,34.0254,15.6138
3,1,29,156.181,51.5442,31.4885,15.2618
4,1,29,155.0495,58.7751,28.4341,15.0636
1,1,30,162.8143,47.8524,34.2384,19.5935
2,1,30,172.8184,51.4844,38.2936,18.8493
3,1,30,153.7716,48.6862,35.9344,20.5303
4,1,30,174.2415,52.0371,39.696,19.6199
1,1,31,163.9975,54.1013,38.8383,22.2918
2,1,31,162.0191,45.1248,45.6052,24.5197
3,1,31,164.3771,43.5305,32.1457,27.4563
4,1,31,152.7624,51.1282,40.2488,25.6184
1,1,32,168.4462,46.8167,33.214,25.2515
2,1,32,165.8186,43.127,37.2975,28.702
3,1,32,163.1734,48.6103,36.5163,28.7012
4,1,32,158.4235,45.1053,33.7919,26.0859
1,1,33,174.2486,47.4565,34.7622,19.4525
2,1,33,152.7349,40.8719,35.8528,16.8167
3,1,33,170.9044,40.6068,33.8193,19.6503
4,1,33,165.5659,49.1669,34.4218,14.5968
1,1,34,163.8116,46.7024,32.545,23.6938
2,1,34,141.7589,48.2627,24.2564,22.2373
3,1,34,134.2192,44.5228,29.302,21.7332
4,1,34,141.4238,43.4217,33.3329,21.0876
1,1,35,183.9231,46.368,30.0828,23.3266
2,1,35,166.4845,47.1735,32.7091,20.424
3,1,35,158.235,45.6854,33.9469,22.2559
4,1,35,153.9797,43.3835,33.9708,19.735
1,1,36,185.6982,39.9827,33.3876,22.4012
2,1,36,164.9227,41.458,39.9288,18.9774
3,1,36,172.5766,36.6626,40.5661,21.9599
4,1,36,180.0217,37.342,31.4829,21.6557
1,1,37,145.5154,55.9471,43.1784,21.2266
2,1,37,165.558,48.7609,41.367,21.4942
3,1,37,139.6688,53.0804,39.2183,22.3414
4,1,37,146.6013,46.6838,33.3798,24.4479
1,1,38,181.7243,39.3744,35.2693,17.8932
2,1,38,159.1371,34.363,25.1958,20.9599
3,1,38,174.7423,46.2264,31.4008,19.7818
4,1,38,172.1825,36.6587,33.5068,15.8148
1,1,39,182.0843,44.8617,38.0514,18.165
2,1,39,164.2849,48.9286,37.6864,15.6196
3,1,39,162.6965,45.3998,28.8361,16.2609
4,1,39,162.8258,47.501,36.6417,17.2946
1,1,40,179.8694,49.1017,37.0345,20.5674
2,1,40,167.0214,47.2403,34.0817,19.5184
3,1,40,162.2798,49.9055,34.919,19.2732
4,1,40,172.1291,42.8071,37.861,21.7262
1,1,41,164.6793,43.6593,38.1731,20.447
2,1,41,165.7339,48.158,36.641,18.183
3,1,41,170.1081,43.8685,39.098,16.395
4,1,41,180.2041,43.2521,37.253,17.4557
1,1,42,169.506,59.9034,33.6434,21.1319
2,1,42,153.9407,49.8412,31.0975,18.4982
3,1,42,158.097,52.8992,34.6421,21.4696
4,1,42,140.9575,50.213,31.7214,22.7382
1,1,43,171.9143,49.309,43.489,23.8859
2,1,43,168.171,44.5016,36.2093,23.9998
3,1,43,168.5018,41.7362,43.2293,26.1457
4,1,43,169.3477,41.7082,40.9869,24.678
1,1,44,174.9109,40.6602,32.1701,19.0719
2,1,44,177.6602,46.9528,31.8683,21.8169
3,1,44,159.0883,48.2009,39.0657,19.9953
4,1,44,159.6551,42.5517,33.3599,23.0772
1,1,45,157.5663,46.6548,30.0627,23.3256
2,1,45,168.2569,50.6372,29.1764,21.28
3,1,45,171.7542,45.4377,28.533,21.3547
4,1,45,163.7543,50.4966,31.1255,24.6327
1,1,46,164.3757,40.1503,40.6687,23.7119
2,1,46,173.8643,42.532,39.1904,26.7274
3,1,46,166.0911,43.8523,38.0521,26.2488
4,1,46,150.3963,38.8617,31.3993,25.4887
1,1,47,155.3392,46.8904,37.6207,23.6908
2,1,47,157.6078,40.9212,42.5477,20.4781
3,1,47,154.0095,43.3575,39.1766,21.5219
4,1,47,180.3995,47.1265,38.8952,22.074
1,1,48,168.2934,44.7759,31.8644,22.3778
2,1,48,158.5305,53.4814,28.4149,20.4151
3,1,48,159.4178,48.5765,31.363,20.6136
4,1,48,145.1511,48.0042,34.3787,23.8479
1,1,49,166.2186,45.3683,36.0525,22.7164
2,1,49,134.3156,53.829,33.6036,21.7769
3,1,49,150.9017,50.9521,29.9771,22.2622
4,1,49,161.59,52.3991,31.5641,20.7444
1,1,50,172.7838,53.456,30.5271,21.2833
2,1,50,143.7118,48.5969,30.4914,24.0967
3,1,50,178.4045,47.4711,34.0692,21.0512
4,1,50,154.352,50.1049,34.3061,24.5447
1,1,51,147.528,44.9226,33.1614,24.0232
2,1,51,162.3176,41.4513,35.4869,24.2309
3,1,51,160.1132,47.8666,31.5666,21.2571
4,1,51,136.0756,43.531,31.0895,25.5848
1,1,52,162.3705,47.9094,37.2781,19.1562
2,1,52,178.3443,41.3548,38.7881,20.2009
3,1,52,151.4104,48.7103,36.9921,18.1365
4,1,52,177.9871,41.6954,33.9538,22.6439
1,1,53,157.468,46.8055,29.0378,25.4571
2,1,53,157.0445,41.0561,34.0038,22.5388
3,1,53,165.5022,47.7353,37.7365,22.0882
4,1,53,156.3805,47.8392,30.5683,22.5833
1,1,54,160.0286,51.948,38.5164,26.8415
2,1,54,160.9816,46.8099,36.4238,23.066
3,1,54,142.8319,49.2755,36.5535,24.6799
4,1,54,176.3483,44.0923,34.4338,25.0488
1,1,55,170.422,39.2207,33.558,20.1519
2,1,55,176.006,36.159,39.0912,22.2101
3,1,55,170.2155,39.6215,36.2251,24.0828
4,1,55,163.446,32.6661,42.1853,21.8718
1,1,56,164.6416,50.0116,33.4441,25.65
2,1,56,152.8646,41.8782,36.8818,27.2424
3,1,56,153.1145,46.9245,44.1597,25.7122
4,1,56,165.1127,50.0478,38.3821,23.7703
1,1,57,148.698,53.0726,36.5958,22.8047
2,1,57,150.6744,46.7432,27.7436,24.5422
3,1,57,145.1298,48.4826,33.575,21.6397
4,1,57,159.7489,52.4864,27.4681,24.3835
1,1,58,161.2381,40.8663,32.8508,18.0619
2,1,58,162.0606,37.0253,31.8368,17.0769
3,1,58,146.9281,51.9067,32.6551,21.2507
4,1,58,164.2503,43.7667,29.1529,18.2569
1,1,59,181.8055,43.9559,31.7747,23.9458
2,1,59,167.3486,39.5413,35.9281,26.8804
3,1,59,172.0824,39.4868,28.9745,27.2119
4,1,59,178.8894,38.6372,31.6053,26.3811
1,1,60,188.7912,43.2929,25.8559,31.3879
2,1,60,159.324,56.5218,30.9543,29.5633
3,1,60,156.9512,40.6411,26.7357,29.2835
4,1,60,168.2474,52.9829,23.4407,27.323
1,1,61,160.9823,36.2182,33.405,21.1872
2,1,61,171.6508,39.0807,33.5178,23.7943
3,1,61,177.6804,44.7112,34.4328,20.139
4,1,61,179.7285,38.1617,42.6728,24.4009
1,1,62,174.4098,42.9539,28.5346,25.8836
2,1,62,164.4401,46.0673,27.7235,24.9371
3,1,62,179.0801,35.9896,31.12,22.1289
4,1,62,170.6169,48.361,34.0729,28.4645
1,1,63,163.6664,44.7948,36.6715,23.5662
2,1,63,167.7504,45.3735,29.1809,21.1771
3,1,63,175.1684,49.4452,32.5766,21.6177
4,1,63,145.6338,41.1492,32.3645,23.2846
1,1,64,164.7443,35.4085,38.4971,28.5456
2,1,64,153.5872,42.2988,35.7879,22.3329
3,1,64,171.1123,41.6294,29.1343,24.6104
4,1,64,159.7114,41.4593,30.5511,26.1495
1,1,65,167.0883,42.4442,39.0765,24.1916
2,1,65,179.7493,42.8069,36.6861,23.79
3,1,65,155.7518,42.6408,34.5855,23.3634
4,1,65,179.3669,41.1936,35.853,22.8005
1,1,66,171.235,45.5252,37.466,25.4617
2,1,66,156.1974,51.1402,35.2066,26.312
3,1,66,169.297,41.8357,39.1468,24.7911
4,1,66,166.7229,40.5589,37.2842,24.0404
1,1,67,139.8035,37.6995,35.3289,29.0177
2,1,67,160.3866,47.7556,40.0457,25.1376
3,1,67,160.7117,46.935,36.2977,24.9847
4,1,67,172.3853,49.8772,36.0607,26.6915
1,1,68,179.1927,40.9739,41.0166,19.4447
2,1,68,173.2716,25.9145,36.6162,18.6907
3,1,68,163.4185,42.7121,32.126,18.1004
4,1,68,174.3748,39.1097,37.0487,17.3599
1,1,69,158.2911,42.4926,34.2369,22.4219
2,1,69,150.6425,45.6921,31.7598,17.4476
3,1,69,168.8557,48.6782,26.9666,18.3503
4,1,69,141.2409,50.0816,31.0117,18.3385
1,1,70,143.1237,39.6138,36.2984,23.9981
2,1,70,138.5384,48.0226,31.6841,22.8745
3,1,70,178.4744,46.9183,28.7119,20.1004
4,1,70,168.7516,42.0456,27.9046,23.5326
1,1,71,180.53,46.1555,40.6938,20.2708
2,1,71,161.983,53.7619,33.876,22.1302
3,1,71,169.663,46.5753,42.9989,22.4451
4,1,71,163.2679,47.7198,37.3813,23.9219
1,1,72,144.5759,42.6166,32.1444,17.577
2,1,72,160.2972,49.0431,30.9706,20.8399
3,1,72,168.0921,46.9092,31.6322,21.5888
4,1,72,148.8427,48.3418,37.2376,22.064
1,1,73,173.4503,43.4176,30.6846,19.36
2,1,73,153.8491,48.926,29.9346,19.4572
3,1,73,163.2791,48.2071,32.0421,17.8146
4,1,73,173.4017,49.3885,34.3659,20.1785
1,1,74,170.1285,43.859,42.9241,20.1472
2,1,74,158.5693,47.3097,41.0342,17.4722
3,1,74,170.6327,43.9101,34.9613,18.3614
4,1,74,147.3619,46.0817,36.2035,18.9923
1,1,75,162.7712,50.5492,32.1143,26.0829
2,1,75,162.401,48.4793,36.1342,23.3796
3,1,75,154.2878,53.9352,30.1412,21.6473
4,1,75,153.0402,46.4814,33.8379,23.9537
1,1,76,157.533,40.6315,39.7509,26.6881
2,1,76,156.8333,31.4483,39.3545,26.5136
3,1,76,165.5096,37.5262,40.0483,26.7627
4,1,76,163.3887,42.3221,39.5282,29.5296
1,1,77,142.4365,33.6382,31.2029,22.1052
2,1,77,147.8936,42.5009,30.3885,20.7901
3,1,77,167.6606,40.4154,34.83,20.2944
4,1,77,162.8596,37.9205,28.0908,20.5166
1,1,78,160.5325,46.9652,42.5318,18.8127
2,1,78,162.2018,46.5693,38.3155,20.2498
3,1,78,162.1254,36.8953,41.4058,18.9781
4,1,78,176.9454,44.1554,39.4404,20.2214
1,1,79,145.9706,38.8001,40.4004,16.6765
2,1,79,168.8116,38.1967,40.5337,18.8399
3,1,79,158.5868,36.4382,31.1141,18.6561
4,1,79,164.8563,38.9563,36.5887,19.5507
1,1,80,169.0789,40.3401,34.3274,20.6849
2,1,80,154.0912,41.9768,27.631,21.0149
3,1,80,152.0635,36.3724,38.1385,22.5792
4,1,80,160.2897,41.7181,36.37,22.4372
1,1,81,163.2467,47.9541,34.9719,24.39
2,1,81,163.5009,45.7317,30.7542,22.1644
3,1,81,151.1965,46.3403,29.2726,21.2367
4,1,81,138.83,47.2986,29.03,24.4071
1,1,82,156.416,47.9617,35.6299,22.1862
2,1,82,166.8865,40.1494,40.9007,21.4202
3,1,82,172.4019,48.7407,40.7038,21.1205
4,1,82,157.5033,43.5152,31.1333,19.1198
1,1,83,162.8472,37.5072,42.4377,22.5271
2,1,83,169.9703,37.7057,32.9687,24.465
3,1,83,168.9006,40.7874,40.1185,23.466
4,1,83,157.6563,41.2189,39.3575,24.5188
1,1,84,160.5784,39.1011,24.758,23.3204
2,1,84,142.7859,45.8302,33.371,26.2156
3,1,84,173.6207,32.9505,26.4977,28.4656
4,1,84,172.8749,41.0929,33.0496,28.0834
1,1,85,166.1687,45.2161,38.7297,22.6029
2,1,85,174.4987,46.2687,44.6991,25.2821
3,1,85,154.9989,42.7944,42.1681,23.9404
4,1,85,158.0361,45.2832,40.9159,24.1498
1,1,86,159.1325,37.0624,30.5916,24.2966
2,1,86,184.9224,31.2414,32.0937,24.1641
3,1,86,151.5916,44.6922,32.6211,23.5654
4,1,86,181.3718,39.737,32.6006,22.5263
1,1,87,167.0538,43.4303,32.9846,23.4151
2,1,87,169.2897,47.5064,29.7823,22.4968
3,1,87,157.1109,41.9828,32.2801,20.6346
4,1,87,154.7245,51.6956,24.7877,24.9028
1,1,88,174.1019,43.4842,37.0382,25.7655
2,1,88,157.1781,39.8831,39.2064,23.3545
3,1,88,161.1986,42.7538,43.6393,23.4756
4,1,88,177.017,36.3926,38.2041,23.5616
1,1,89,190.0524,36.5911,36.3633,15.9603
2,1,89,150.8221,45.5934,29.6925,17.7252
3,1,89,172.3313,43.4088,31.6318,19.2116
4,1,89,152.6962,39.5817,29.7538,12.9294
1,1,90,159.5976,42.9916,36.6882,18.6642
2,1,90,148.3263,51.0108,35.0579,18.5448
3,1,90,161.347,39.1548,33.6201,18.8379
4,1,90,154.5064,43.2973,33.5525,17.9742
1,1,91,153.6638,59.392,31.5134,21.2634
2,1,91,148.8376,56.7301,29.6339,21.1505
3,1,91,156.2793,60.2654,29.5569,15.6631
4,1,91,150.5934,58.0104,29.3692,18.0358
1,1,92,176.9622,39.5362,39.5726,19.766
2,1,92,166.6855,45.0356,39.5302,15.7825
3,1,92,159.9364,35.7734,40.0779,17.8478
4,1,92,153.3617,46.9067,31.4364,16.062
1,1,93,154.7269,45.575,31.768,21.055
2,1,93,131.7023,51.0097,30.2709,16.5354
3,1,93,164.881,46.9741,37.0812,17.6069
4,1,93,173.295,46.1316,32.3181,21.2457
1,1,94,157.6113,49.5673,31.5022,23.9728
2,1,94,174.8113,46.5447,29.9072,23.2658
3,1,94,150.4058,41.0325,30.4657,23.8423
4,1,94,160.9491,54.8463,32.1074,23.2934
1,1,95,170.8992,44.2488,36.0283,27.6519
2,1,95,156.1297,42.3564,34.8443,25.9076
3,1,95,165.931,53.7098,30.2215,28.8619
4,1,95,168.2595,47.4169,36.8852,27.2096
1,1,96,152.8249,51.0124,27.6338,21.8903
2,1,96,150.4374,50.654,34.4189,22.8311
3,1,96,143.6232,52.7423,35.6119,20.8715
4,1,96,152.8869,43.5218,34.8619,20.7509
1,1,97,171.9791,38.4802,40.9336,21.376
2,1,97,155.2738,37.5955,37.9115,21.772
3,1,97,166.255,40.2673,33.8019,22.4131
4,1,97,141.7434,44.6871,36.153,21.687
1,1,98,173.2195,41.6916,51.0435,15.8728
2,1,98,163.2922,42.2516,34.8512,20.9206
3,1,98,157.0896,49.1891,37.3885,20.6787
4,1,98,172.3919,45.4815,39.1789,22.3447
1,1,99,175.3768,40.9188,33.1871,25.976
2,1,99,164.2048,35.7988,33.6118,25.5439
3,1,99,172.5877,42.9275,36.5091,27.2421
4,1,99,153.4359,39.5054,36.0222,28.498
1,1,100,160.9529,55.7615,31.1909,23.9296
2,1,100,148.4604,46.5564,33.7248,24.7625
3,1,100,169.1922,45.0944,32.1347,25.4503
4,1,100,156.689,45.8758,31.2781,22.7502
1,1,101,143.3929,46.7946,25.5304,21.1557
2,1,101,150.6198,43.3294,30.0883,20.777
3,1,101,156.52,46.3798,31.821,18.0901
4,1,101,156.2061,39.9333,30.8116,20.1857
1,1,102,175.0147,34.3687,30.269,23.357
2,1,102,171.4812,35.6629,38.9465,26.0635
3,1,102,158.2815,33.9511,34.7613,25.7022
4,1,102,151.4085,40.2273,32.957,25.0062
1,1,103,157.1291,36.8644,34.7626,19.0138
2,1,103,158.7457,43.5433,37.6668,20.2556
3,1,103,145.0403,47.0588,34.5542,16.2168
4,1,103,145.3992,46.8614,34.0413,14.3546
1,1,104,160.7187,47.8134,27.9906,17.841
2,1,104,145.3224,51.7532,32.2933,18.9296
3,1,104,172.8602,58.1042,34.747,18.0429
4,1,104,140.1087,52.8762,34.2472,20.1456
1,1,105,174.0425,51.8109,35.2802,25.8535
2,1,105,186.7822,46.8308,35.2328,25.7867
3,1,105,193.3275,41.997,37.1816,24.8625
4,1,105,180.7182,43.9941,36.6101,26.5764
1,1,106,143.8579,45.4179,27.9912,22.2708
2,1,106,144.6213,45.0392,32.7313,23.1362
3,1,106,169.2968,43.3853,23.7746,22.2184
4,1,106,147.6818,39.3871,21.2118,24.2899
1,1,107,168.9405,32.5235,31.6568,15.7472
2,1,107,167.5607,40.2116,27.9076,17.8925
3,1,107,156.2091,44.5199,28.4144,18.0261
4,1,107,164.8831,39.9079,32.4853,17.2777
1,1,108,147.192,39.4267,36.2799,18.5886
2,1,108,170.0171,44.9987,28.4849,17.7713
3,1,108,165.9258,45.012,30.9299,18.4294
4,1,108,161.0903,43.4699,32.0811,17.7441
1,1,109,143.1743,44.1496,30.7703,16.7245
2,1,109,156.7268,47.3135,31.7748,16.8177
3,1,109,170.6785,45.889,34.9318,19.7982
4,1,109,163.0373,46.0123,31.8579,17.3073
1,1,110,178.8387,37.7536,36.1339,15.751
2,1,110,178.885,49.2681,39.6883,13.5636
3,1,110,170.2788,43.0728,37.2139,13.7247
4,1,110,154.6827,38.5281,38.392,13.8545
1,1,111,156.2304,40.0151,34.5093,21.7594
2,1,111,149.8725,41.4735,29.9595,19.0097
3,1,111,175.9207,44.4164,33.0445,21.0493
4,1,111,175.4162,45.9199,38.9027,20.0126
1,1,112,157.2529,49.7667,32.7118,22.3488
2,1,112,156.1386,39.6595,35.812,22.702
3,1,112,173.4383,46.7707,29.7209,27.1252
4,1,112,162.3663,50.7386,28.5496,24.143
1,1,113,159.0561,49.16,35.8958,23.4907
2,1,113,158.8981,44.8259,33.9561,26.2333
3,1,113,167.2926,42.8903,34.2182,22.1595
4,1,113,143.6727,41.2627,36.6065,26.6633
1,1,114,145.845,36.5495,38.9645,26.2167
2,1,114,157.204,32.932,36.6073,24.3097
3,1,114,172.2535,42.3195,39.5856,24.7498
4,1,114,167.0046,35.521,43.1868,21.3761
1,1,115,169.1671,43.5141,37.7803,21.5138
2,1,115,175.3273,46.7673,26.0031,22.3184
3,1,115,149.9323,46.0219,35.3453,20.8584
4,1,115,160.7449,49.6751,32.5316,18.917
1,1,116,179.3865,43.2387,41.1642,27.7523
2,1,116,163.5945,41.7684,37.2735,24.263
3,1,116,162.663,34.4673,34.6725,22.9442
4,1,116,146.3357,39.2355,30.4729,24.722
1,1,117,160.5555,49.7008,32.7653,22.8308
2,1,117,172.1133,57.8366,32.4838,25.9757
3,1,117,164.704,50.9514,29.9666,24.2723
4,1,117,158.2172,48.2209,34.2306,20.8542
1,1,118,153.9611,46.9033,26.1905,19.7955
2,1,118,160.4357,41.9209,27.8584,18.3469
3,1,118,169.9977,50.5591,30.5427,16.5345
4,1,118,152.3913,42.7736,29.947,19.0549
1,1,119,146.8424,44.6345,33.4692,25.5542
2,1,119,155.2624,46.3021,40.3619,23.2437
3,1,119,161.9851,44.648,39.0178,24.3638
4,1,119,154.8681,49.988,40.2554,20.8007
1,1,120,162.5151,37.7326,37.659,18.2334
2,1,120,160.8557,36.0777,35.752,19.8987
3,1,120,159.1299,36.1557,40.8124,17.8689
4,1,120,149.7155,46.6594,43.4159,17.6176
1,1,121,167.4446,48.6798,32.8256,21.0333
2,1,121,157.7141,54.6191,37.0899,21.5941
3,1,121,146.6297,41.9576,37.6107,20.7023
4,1,121,157.845,40.7877,35.8087,20.9077
1,1,122,174.985,40.5254,33.7144,26.591
2,1,122,181.4907,46.2767,34.8814,23.3716
3,1,122,188.6878,40.7433,39.7251,22.3643
4,1,122,164.7942,55.6874,34.4619,23.7066
1,1,123,155.5585,53.857,39.966,21.244
2,1,123,156.8478,44.7145,38.0768,18.8482
3,1,123,158.5466,45.7778,42.7141,21.8322
4,1,123,171.8882,48.3106,42.1508,17.2188
1,1,124,172.263,39.8545,36.1723,18.7285
2,1,124,154.5702,40.6292,31.6854,21.911
3,1,124,151.2237,51.611,33.3708,24.5416
4,1,124,168.0345,52.4638,34.6081,21.0596
1,1,125,162.476,42.0148,43.7749,20.8335
2,1,125,155.2687,39.2672,42.2161,19.5922
3,1,125,168.681,49.9542,37.6547,20.4234
4,1,125,140.9118,34.0274,42.3263,17.5094
1,1,126,152.4382,46.6317,33.2999,23.8065
2,1,126,146.484,51.999,40.0469,25.0611
3,1,126,164.5667,51.9638,41.1349,25.0757
4,1,126,146.1209,48.4152,43.8586,25.4471
1,1,127,164.4988,38.6193,36.9611,21.0988
2,1,127,158.3023,41.9916,38.303,22.7474
3,1,127,155.8287,39.1583,34.8183,19.8577
4,1,127,172.7757,48.3641,35.518,21.9693
1,1,128,163.0239,44.1451,30.2314,21.9432
2,1,128,182.0388,48.0775,33.8557,22.9642
3,1,128,152.025,44.6672,35.3314,21.7263
4,1,128,140.315,50.2656,29.3843,21.3728
1,1,129,163.8948,50.8493,40.9055,23.5574
2,1,129,173.3984,45.1007,35.9172,22.2205
3,1,129,151.1589,52.5451,33.0321,21.8809
4,1,129,151.9081,46.0865,42.4311,25.6289
1,1,130,139.3533,43.0713,18.1363,24.4342
2,1,130,155.3215,45.3431,26.5889,25.3485
3,1,130,160.0564,36.7714,32.5505,24.4201
4,1,130,153.04,44.9735,27.0297,23.1013
1,1,131,175.3026,41.1195,28.0835,21.8679
2,1,131,144.6673,46.3041,32.8579,22.7592
3,1,131,156.5891,53.426,33.1438,19.9742
4,1,131,163.071,45.5969,29.6883,20.6888
1,1,132,160.8642,44.1218,33.376,23.1223
2,1,132,157.9197,46.252,34.1508,21.8909
3,1,132,172.3606,41.0824,38.6576,19.431
4,1,132,159.0476,44.5649,31.1665,21.0386
1,1,133,147.0572,37.5221,42.4617,24.9347
2,1,133,160.2248,44.2677,39.3255,25.6929
3,1,133,154.3159,51.5429,44.7145,22.3539
4,1,133,174.9753,36.8064,35.1741,23.6314
1,1,134,155.8635,46.8968,31.2432,23.7063
2,1,134,155.295,51.2019,35.125,22.5021
3,1,134,169.0186,42.7696,34.8673,21.0839
4,1,134,166.0765,43.9688,23.6305,24.4713
1,1,135,160.4766,51.3277,38.9503,20.8773
2,1,135,163.5504,47.6355,35.1682,23.1317
3,1,135,169.3692,53.5319,33.6277,21.8686
4,1,135,162.5753,51.0175,39.3955,21.1924
1,1,136,161.6572,41.3156,33.1475,24.1503
2,1,136,170.0266,42.9818,30.8432,24.624
3,1,136,163.0075,45.1341,33.2131,25.7244
4,1,136,170.0221,42.6413,31.6362,23.3634
1,1,137,194.2001,46.2452,43.0131,21.0317
2,1,137,190.5102,51.0004,43.2824,22.6867
3,1,137,182.0347,39.5894,41.9384,22.2577
4,1,137,175.1644,49.0861,41.9848,22.9733
1,1,138,146.5588,41.8245,38.143,20.8449
2,1,138,154.6597,47.5749,31.6571,19.3197
3,1,138,158.9046,44.6991,33.3468,21.2622
4,1,138,171.765,49.8955,37.8461,22.7494
1,1,139,185.0917,37.807,42.1681,21.8326
2,1,139,160.4407,52.1934,39.1702,17.9458
3,1,139,141.6191,44.0688,39.5629,19.1539
4,1,139,169.2382,45.349,42.3053,19.4742
1,1,140,158.8199,47.7593,44.0105,28.6883
2,1,140,174.52,41.8423,43.0575,27.5497
3,1,140,180.602,40.0773,36.7034,25.3936
4,1,140,168.1899,40.4108,44.1036,24.1005
1,1,141,164.2514,45.4582,35.3248,22.418
2,1,141,161.6644,45.117,32.8066,22.9987
3,1,141,159.9629,34.7019,34.4726,23.3048
4,1,141,175.7625,44.0473,35.7854,22.085
1,1,142,164.5253,49.2427,34.8396,20.8584
2,1,142,163.5363,54.6069,24.3766,19.4562
3,1,142,163.9889,48.3115,32.1325,19.8557
4,1,142,162.9077,49.982,24.7359,18.2813
1,1,143,169.7035,33.6857,34.8824,18.3586
2,1,143,143.6953,37.5077,30.6995,21.8052
3,1,143,162.4481,32.5123,30.875,19.8568
4,1,143,158.9424,39.8272,36.4741,21.7964
1,1,144,166.6062,45.5571,33.0895,25.6234
2,1,144,146.8807,49.7644,33.4688,25.3841
3,1,144,155.3924,41.3091,38.2027,23.6786
4,1,144,173.464,44.5038,34.0353,24.3582
1,1,145,169.6837,42.3791,32.4244,21.5677
2,1,145,165.0706,44.4684,36.8116,23.1803
3,1,145,168.3307,41.2751,32.4109,25.2775
4,1,145,152.8648,34.6679,32.2697,23.9934
1,1,146,179.9968,41.8257,32.1166,19.9194
2,1,146,176.0595,43.7465,38.1742,23.2606
3,1,146,179.8943,35.6416,35.3496,20.8089
4,1,146,173.6684,37.358,36.3523,21.1457
1,1,147,150.6761,41.925,45.0518,25.6169
2,1,147,151.7421,50.5334,41.4076,20.7024
3,1,147,146.1614,49.7493,36.5253,25.6798
4,1,147,170.4043,47.4152,33.819,23.9265
1,1,148,173.1615,47.8788,43.1871,24.8369
2,1,148,178.1161,36.1348,34.1949,26.9069
3,1,148,171.1481,34.5778,41.5036,25.4575
4,1,148,171.0475,29.708,39.588,25.8699
1,1,149,158.2483,52.3436,30.6456,18.7397
2,1,149,170.9683,55.4473,26.7359,18.7301
3,1,149,162.0755,62.4864,30.0063,15.8697
4,1,149,148.3509,46.6158,32.4001,18.8506
1,1,150,150.1629,44.5883,29.0409,19.7413
2,1,150,164.8665,39.0981,27.5799,22.357
3,1,150,167.7559,39.4909,29.0348,20.4601
4,1,150,146.7587,32.9603,30.1161,22.6379
1,1,151,165.631,39.1335,27.7685,20.5835
2,1,151,143.8962,48.2054,32.3646,20.9725
3,1,151,133.0304,42.1073,31.5945,21.2861
4,1,151,150.8286,42.9181,31.4246,21.6885
1,1,152,175.9059,54.3065,33.8892,17.5417
2,1,152,183.6789,46.6868,40.0899,23.2225
3,1,152,159.9754,41.9456,35.7294,21.7804
4,1,152,180.5006,47.9773,36.8952,20.7946
1,1,153,177.5475,49.2276,36.0034,19.3328
2,1,153,146.489,42.5437,28.8283,20.9512
3,1,153,163.274,40.6786,35.0639,19.2996
4,1,153,158.5934,45.3,35.7184,18.944
1,1,154,175.0569,44.737,34.6745,22.3108
2,1,154,176.3833,43.0551,34.362,23.5637
3,1,154,178.0015,45.7562,37.215,22.2294
4,1,154,164.3282,39.0566,35.3419,24.4071
1,1,155,169.6,51.3644,38.1149,27.9184
2,1,155,162.2779,57.2907,35.3565,24.4282
3,1,155,162.1088,48.269,29.8745,25.8059
4,1,155,146.1936,53.2892,36.1104,24.3879
1,1,156,147.9491,51.6685,33.4717,27.1293
2,1,156,148.079,44.1156,34.6614,27.8773
3,1,156,143.9535,40.3974,34.9546,28.8401
4,1,156,151.4126,39.1974,33.5184,27.6207
1,1,157,165.0317,57.0368,37.0959,25.3902
2,1,157,152.5587,55.7759,33.1791,27.7138
3,1,157,157.3255,50.1101,35.4233,21.1728
4,1,157,154.3955,53.1939,34.6011,23.5451
1,1,158,172.7021,50.6017,34.6668,22.8886
2,1,158,133.1685,45.126,30.8801,21.0172
3,1,158,133.7376,44.3413,35.2379,21.0963
4,1,158,145.569,56.8564,28.4335,19.8468
1,1,159,176.073,40.0116,37.3199,19.1859
2,1,159,156.95,39.0339,34.8486,18.7143
3,1,159,158.5086,43.0313,39.7417,19.5382
4,1,159,168.3283,47.224,36.8839,18.9687
1,1,160,160.3197,36.8443,39.7426,22.6533
2,1,160,169.1702,46.1437,36.3453,20.7272
3,1,160,178.593,37.8551,36.5562,23.1703
4,1,160,162.4782,34.9409,38.3267,23.4067
1,1,161,143.4342,35.3445,26.6417,22.1435
2,1,161,166.7458,48.1505,35.6771,26.492
3,1,161,175.5042,47.7971,32.3025,22.9794
4,1,161,168.8323,37.1885,30.6261,21.5271
1,1,162,147.1876,33.5805,35.1851,21.8917
2,1,162,152.0198,38.5974,36.3468,20.3381
3,1,162,163.6129,45.8699,39.6479,19.6931
4,1,162,160.6719,42.3331,33.0789,21.5836
1,1,163,167.5774,40.4096,35.4606,21.3411
2,1,163,151.5538,37.5012,33.5458,18.6784
3,1,163,135.0708,33.8839,30.5415,20.9083
4,1,163,149.2376,39.9081,37.4923,25.6141
1,1,164,162.8338,41.7239,39.6145,22.1376
2,1,164,169.887,38.4368,34.7296,20.6908
3,1,164,179.9323,39.7013,32.6762,22.3708
4,1,164,181.797,33.6146,38.662,21.3904
1,1,165,154.2414,47.4658,40.2001,21.4487
2,1,165,140.444,50.9797,33.0046,23.0056
3,1,165,156.2351,46.4747,43.6476,21.2764
4,1,165,142.9724,44.5869,36.3966,23.1348
1,1,166,172.2874,36.3889,41.0523,19.9873
2,1,166,166.4333,46.3509,45.6197,20.1548
3,1,166,156.9278,41.325,39.2744,21.0537
4,1,166,166.9593,43.5041,43.3135,21.8724
1,1,167,181.8644,40.8862,33.5813,28.7734
2,1,167,186.9788,42.6828,37.629,24.9714
3,1,167,174.0578,37.3563,39.5552,26.6591
4,1,167,158.6535,33.9755,40.1449,25.3911
1,1,168,143.0241,41.6206,34.2383,25.5208
2,1,168,169.9751,40.9208,28.8515,24.2815
3,1,168,170.1427,44.1268,36.2733,26.4512
4,1,168,154.1051,48.5034,32.3638,28.8466
1,1,169,162.8781,38.3924,39.1278,19.2334
2,1,169,157.0077,41.1827,41.8772,19.7074
3,1,169,168.1677,41.6902,40.1452,20.0114
4,1,169,152.0546,31.5278,41.0198,18.6199
1,1,170,162.3495,36.9108,27.4352,25.4308
2,1,170,164.0571,40.8378,33.8156,26.8567
3,1,170,168.7558,49.0987,37.0471,26.5874
4,1,170,174.9538,36.8369,34.9171,28.2055
1,1,171,167.3572,57.2021,28.7255,16.0313
2,1,171,163.1231,49.9215,35.0518,16.8695
3,1,171,149.6978,40.7147,33.2743,17.7794
4,1,171,151.5547,49.1557,30.3124,17.3561
1,1,172,151.7404,46.99,36.0218,16.9945
2,1,172,133.9613,51.3019,34.5543,18.802
3,1,172,123.7517,51.3886,34.4243,19.2512
4,1,172,160.1022,52.7989,34.0809,15.9497
1,1,173,157.4386,46.8586,29.3695,19.9852
2,1,173,175.6138,47.7017,31.2834,23.1447
3,1,173,156.4302,37.0705,25.2899,21.3311
4,1,173,185.2652,39.6118,33.3702,21.8642
1,1,174,160.2331,48.0591,36.0028,19.5395
2,1,174,176.1915,40.4922,34.0363,17.1592
3,1,174,159.4688,50.8428,34.3802,18.0591
4,1,174,167.5645,44.5152,32.4875,17.2651
1,1,175,147.7865,43.9805,30.319,19.8687
2,1,175,150.4827,46.1363,28.8694,21.173
3,1,175,157.4607,47.5043,30.2157,21.9561
4,1,175,141.2314,51.3526,32.1968,22.791
1,1,176,173.5437,47.6226,31.1062,24.6179
2,1,176,164.9594,47.7812,36.3219,26.198
3,1,176,161.9591,50.8073,35.0453,20.4169
4,1,176,145.0589,52.5644,34.1618,23.4487
1,1,177,161.0736,47.0144,34.1214,20.2475
2,1,177,176.9657,42.9116,37.789,20.6066
3,1,177,177.431,48.4335,37.1711,20.4637
4,1,177,163.3742,41.6052,37.0174,20.4605
1,1,178,156.1256,48.6035,35.7559,19.9957
2,1,178,159.7104,46.7577,32.0885,20.4136
3,1,178,151.2438,48.36,31.8057,19.0127
4,1,178,158.4863,45.0266,36.0655,21.6413
1,1,179,149.0132,49.7008,40.2323,25.1927
2,1,179,158.7469,45.3647,43.051,26.0161
3,1,179,165.3295,45.9653,41.9112,20.8921
4,1,179,162.6228,52.2701,36.4222,21.3572
1,1,180,142.553,43.5986,29.7112,25.7205
2,1,180,153.0002,35.0327,35.0031,25.6388
3,1,180,168.0878,40.5109,28.8792,28.445
4,1,180,136.5119,37.8123,32.5059,28.041
1,1,181,159.0233,46.4674,25.5617,17.1652
2,1,181,129.9682,51.2412,35.4972,16.7942
3,1,181,151.1885,45.5811,30.8554,18.2576
4,1,181,129.49,45.3477,27.1027,17.712
1,1,182,169.0582,31.0613,32.2061,25.1956
2,1,182,153.6664,33.1541,30.2573,23.9884
3,1,182,177.0555,36.3844,36.543,23.721
4,1,182,154.0313,40.9344,36.3417,25.3491
1,1,183,166.8143,38.8305,33.2133,28.6075
2,1,183,182.145,35.9482,30.0216,28.933
3,1,183,162.7674,40.3054,33.5028,26.2876
4,1,183,173.444,43.1737,32.8372,27.9347
1,1,184,165.4804,50.7654,31.9201,23.2052
2,1,184,175.3357,39.1555,30.2423,23.8402
3,1,184,164.0294,50.298,34.381,23.1835
4,1,184,154.6677,48.6387,30.4098,24.0407
1,1,185,149.3751,49.2928,28.4702,19.1307
2,1,185,162.0366,40.3127,31.1526,19.7724
3,1,185,161.3095,50.8438,39.0292,21.9645
4,1,185,173.6099,44.8286,35.202,21.3438
1,1,186,162.3552,40.59,32.9709,21.3803
2,1,186,160.9871,42.6701,30.6407,18.6162
3,1,186,155.1942,42.1077,30.9298,20.971
4,1,186,162.4835,42.949,28.7642,20.8143
1,1,187,156.2694,52.3416,25.4532,17.9864
2,1,187,166.9261,49.7997,31.6984,17.3055
3,1,187,140.3501,44.0711,32.7877,16.9767
4,1,187,157.5301,53.6185,33.1941,18.7823
1,1,188,158.6929,52.9304,27.2122,18.8978
2,1,188,149.2032,42.6633,28.275,17.2831
3,1,188,136.9622,50.8345,34.6143,17.7842
4,1,188,162.4104,55.1072,32.0613,17.6956
1,1,189,176.7078,44.6903,31.9702,21.6559
2,1,189,157.3046,61.2672,32.019,20.7931
3,1,189,181.1883,55.5061,31.6872,19.334
4,1,189,167.7292,43.3192,34.2561,22.7422
1,1,190,140.7484,37.0038,32.3263,19.804
2,1,190,162.554,47.0882,30.6074,19.7556
3,1,190,133.2891,47.8915,35.5653,20.4264
4,1,190,179.5201,51.4868,34.7336,18.7395
1,1,191,165.2749,44.7928,37.2008,20.6338
2,1,191,176.308,39.4968,30.174,17.0983
3,1,191,171.9442,45.2698,31.8735,19.4545
4,1,191,155.3349,39.4126,36.7773,18.6936
1,1,192,158.7211,45.8374,34.1397,22.5148
2,1,192,174.5536,41.8606,32.0906,23.0269
3,1,192,181.3682,46.9662,34.3369,23.6549
4,1,192,163.443,54.9104,32.7448,23.134
1,1,193,155.1146,46.0294,31.5598,23.3192
2,1,193,144.3177,52.5071,29.3581,23.6475
3,1,193,140.089,47.6183,31.9719,25.316
4,1,193,169.8919,44.8869,33.4987,24.4148
1,1,194,147.0973,45.7063,43.4117,21.8795
2,1,194,180.5789,52.7358,35.2601,24.2083
3,1,194,141.6862,49.8562,35.1464,22.2197
4,1,194,177.3848,48.2673,39.4911,21.2552
1,1,195,171.2697,43.83,35.2294,20.2158
2,1,195,177.8809,52.093,38.1962,22.8879
3,1,195,162.8024,50.1542,31.6287,19.0463
4,1,195,170.2417,46.2234,40.0321,19.9469
1,1,196,183.0925,44.608,40.8924,18.3295
2,1,196,174.3572,42.4551,40.8109,20.5901
3,1,196,180.0672,46.1152,40.6945,19.0291
4,1,196,150.8715,41.461,41.0549,16.7155
1,1,197,168.9797,43.7901,45.0028,23.5983
2,1,197,155.9708,40.9243,42.6527,23.5137
3,1,197,172.175,44.9282,38.3268,21.583
4,1,197,150.1855,50.8341,46.0202,19.554
1,1,198,149.0974,47.623,45.3339,19.5809
2,1,198,163.3616,41.7136,39.3414,20.4822
3,1,198,155.9002,44.3138,41.4748,16.9397
4,1,198,160.7925,49.0362,40.9307,16.6703
1,1,199,153.9756,48.1439,33.3687,23.1166
2,1,199,169.8958,38.014,36.3892,21.8464
3,1,199,136.6088,50.7929,35.5824,25.4567
4,1,199,163.8684,39.9115,36.9215,22.2192
1,1,200,159.348,49.413,29.2202,20.604
2,1,200,155.7593,54.9346,33.3592,20.2756
3,1,200,151.6247,48.5237,35.2412,18.2991
4,1,200,152.8928,42.0501,33.7801,18.8883
1,1,201,192.9777,49.9737,29.7036,23.0547
2,1,201,164.5528,46.0369,28.1288,23.8284
3,1,201,160.0336,48.3777,34.0819,22.3926
4,1,201,174.8616,46.8918,32.8272,22.7938
1,1,202,163.2946,40.8907,36.5148,25.5098
2,1,202,172.3778,45.2185,40.3334,20.9825
3,1,202,173.8396,45.097,43.4133,22.6895
4,1,202,169.5247,32.0595,34.4216,24.0338
1,1,203,165.8037,46.7248,40.0542,15.3662
2,1,203,160.9183,46.0783,38.7841,16.5493
3,1,203,167.8878,47.1447,37.3719,18.0657
4,1,203,157.7267,45.9897,36.8991,17.5183
1,1,204,163.356,38.137,33.5973,21.4794
2,1,204,163.9645,50.6177,32.4572,20.7322
3,1,204,157.2421,41.7655,30.9404,21.028
4,1,204,175.23,38.4075,30.4879,22.1059
1,1,205,162.6058,47.3148,30.9142,19.996
2,1,205,147.8739,50.2963,29.4014,20.2122
3,1,205,129.8696,49.6725,28.8414,18.5272
4,1,205,143.0799,51.1264,28.5251,19.1524
1,1,206,153.7057,48.541,31.7267,25.2712
2,1,206,147.8207,49.6508,34.001,24.9963
3,1,206,152.6163,41.1051,29.1729,25.9274
4,1,206,171.4092,46.054,33.7574,25.1395
1,1,207,155.1514,47.4062,35.9736,20.716
2,1,207,160.5975,46.6786,36.2812,18.9441
3,1,207,149.4725,40.5429,35.6188,20.4724
4,1,207,156.0054,49.9759,30.4404,17.8488
1,1,208,164.3826,50.7718,31.867,20.1278
2,1,208,161.2958,47.31,29.8163,20.4163
3,1,208,158.1364,47.3591,31.326,20.0614
4,1,208,168.8114,45.7086,32.9209,19.5786
1,1,209,161.2942,41.3705,37.3352,19.1028
2,1,209,170.7474,53.255,42.5054,21.6331
3,1,209,176.0755,44.0823,40.0903,20.8126
4,1,209,177.6846,42.1966,38.814,23.0558
1,1,210,152.5901,49.6045,32.3198,23.1438
2,1,210,143.5133,49.0597,29.968,21.9226
3,1,210,152.3065,46.4173,32.8914,23.0757
4,1,210,155.4365,52.538,27.843,22.0921
1,1,211,174.0533,45.975,33.1638,20.3428
2,1,211,170.231,50.2118,37.3462,18.9267
3,1,211,159.4287,57.5699,35.9539,20.4591
4,1,211,163.5016,48.2023,40.0652,20.7915
1,1,212,139.1692,40.9533,31.8119,21.1431
2,1,212,173.8034,45.2398,35.2188,17.6115
3,1,212,157.4975,50.6381,27.795,18.3027
4,1,212,166.6106,53.2455,32.2529,13.6568
1,1,213,143.5417,41.666,30.5306,21.7658
2,1,213,165.5247,45.4159,35.5358,20.6613
3,1,213,158.2156,44.3037,29.6846,20.2558
4,1,213,154.8819,41.6965,34.8574,20.5908
1,1,214,173.8183,39.5379,42.2437,20.3392
2,1,214,169.6755,33.0495,33.4305,18.7751
3,1,214,160.9128,46.1141,37.8003,21.3948
4,1,214,169.3519,50.4578,43.9677,19.4277
1,1,215,167.6846,38.8798,28.1312,32.2913
2,1,215,168.4029,51.3549,31.4361,32.6839
3,1,215,166.4697,37.9938,32.5436,32.0342
4,1,215,172.2918,46.4876,33.5869,28.1942
1,1,216,168.4649,42.8216,28.4331,23.3033
2,1,216,179.4862,47.7153,28.4272,21.7492
3,1,216,189.0945,55.7247,26.5615,26.1777
4,1,216,152.3004,44.8874,23.8816,25.1156
1,1,217,170.7265,36.6592,37.4009,26.7788
2,1,217,169.8847,41.3864,41.1517,29.1828
3,1,217,180.9594,34.6279,36.9935,25.2527
4,1,217,178.9435,41.2446,41.1068,29.2007
1,1,218,168.7463,42.0456,46.2521,22.0132
2,1,218,169.4632,39.2632,43.773,20.1594
3,1,218,180.2788,47.3068,34.7684,23.2386
4,1,218,159.3562,44.5256,39.3377,23.3739
1,1,219,176.6863,40.2072,36.3227,18.2145
2,1,219,147.6111,46.0051,41.0527,18.4228
3,1,219,154.7738,51.3158,33.2078,25.0078
4,1,219,153.4107,47.1324,31.4703,21.352
1,1,220,153.4594,40.2544,38.3251,25.7363
2,1,220,159.0804,40.6901,38.7582,27.7311
3,1,220,154.6545,36.9428,39.9329,30.0227
4,1,220,166.7503,39.1375,33.7877,27.5787
1,1,221,163.5674,47.2635,29.6935,20.5025
2,1,221,167.3736,36.6409,32.9068,17.5264
3,1,221,173.4028,40.0229,37.7141,20.7177
4,1,221,161.1918,35.732,32.6636,19.2831
1,1,222,161.8736,44.3587,32.3986,23.8502
2,1,222,157.565,43.1819,30.8086,21.4615
3,1,222,167.103,47.101,35.4569,23.7896
4,1,222,170.317,38.1552,31.7165,20.1984
1,1,223,161.0534,47.4947,25.7057,19.6562
2,1,223,145.9357,45.2899,29.2658,21.5033
3,1,223,144.9642,48.8922,30.1827,20.4778
4,1,223,158.9615,43.2555,34.6195,21.6582
1,1,224,167.2888,47.5386,28.0836,22.7991
2,1,224,163.928,51.9951,29.4048,19.0027
3,1,224,200.223,41.7018,32.3858,19.299
4,1,224,165.623,43.2387,30.6334,22.4866
1,1,225,181.8099,40.9483,38.6945,23.836
2,1,225,161.7992,47.2159,32.0031,25.4363
3,1,225,143.6068,42.2006,35.3837,21.0351
4,1,225,175.3277,49.7581,32.6651,22.378
1,1,226,159.811,57.5432,36.9675,17.6093
2,1,226,172.9089,44.8441,36.5253,16.8127
3,1,226,164.2922,45.7378,38.8039,16.2258
4,1,226,173.6916,43.8283,36.7368,19.8179
1,1,227,145.2177,46.5931,36.8612,24.7896
2,1,227,153.8194,43.7,31.6542,22.539
3,1,227,152.2413,34.5316,31.6961,25.4084
4,1,227,148.5815,45.522,32.6202,24.0506
1,1,228,168.2244,57.5067,36.2837,23.8652
2,1,228,175.3058,47.9221,31.0335,23.6969
3,1,228,162.736,48.3517,35.8015,25.0862
4,1,228,151.6495,54.2027,36.0598,23.9228
1,1,229,154.2762,48.4767,39.1258,20.6988
2,1,229,156.484,42.203,36.5239,23.5979
3,1,229,169.4701,45.8478,35.7598,21.5308
4,1,229,166.1243,45.3062,40.1114,21.0941
1,1,230,164.0215,33.4234,36.6135,20.9
2,1,230,168.8891,41.4613,40.4228,19.5576
3,1,230,172.4514,41.0375,39.4862,20.0387
4,1,230,173.5521,32.4919,38.2347,20.4219
1,1,231,150.0242,42.7081,34.3611,17.9763
2,1,231,140.0428,51.0683,33.6054,18.4994
3,1,231,164.3276,52.4537,36.8524,18.359
4,1,231,149.5299,54.8384,35.1862,14.5894
1,1,232,180.8941,34.4135,33.2014,27.4532
2,1,232,171.8779,46.247,35.8332,24.3874
3,1,232,154.9721,39.2545,35.4227,26.0964
4,1,232,173.3138,41.4793,34.9033,27.8904
1,1,233,155.5557,45.0841,39.8265,20.1855
2,1,233,161.9523,46.1745,31.9659,17.2851
3,1,233,155.5756,49.7423,32.1134,18.5788
4,1,233,166.5301,43.6632,30.4136,21.2608
1,1,234,140.0145,41.6283,35.8408,18.2365
2,1,234,127.8718,49.1859,37.7097,22.9007
3,1,234,144.6239,52.318,36.2438,20.6932
4,1,234,143.3317,56.1784,37.6001,19.2171
1,1,235,160.4538,46.133,34.4099,15.3533
2,1,235,166.7441,43.5258,31.7086,18.1534
3,1,235,156.8611,43.305,38.8646,19.4324
4,1,235,162.2398,45.8946,31.8502,19.6139
1,1,236,203.5365,29.2645,34.5795,19.7409
2,1,236,164.4002,40.4228,36.949,22.6565
3,1,236,177.6006,39.1537,33.3129,24.1621
4,1,236,185.8761,42.6623,34.9807,22.9564
1,1,237,177.1795,36.021,34.5398,20.7168
2,1,237,150.7951,44.2268,40.3675,23.3098
3,1,237,187.4055,45.8144,37.6143,21.288
4,1,237,156.8272,38.166,27.7316,23.6102
1,1,238,155.9507,41.9593,31.525,23.3091
2,1,238,183.805,35.4249,38.0556,24.5902
3,1,238,157.4295,52.534,38.993,26.1975
4,1,238,162.7274,28.1801,38.3356,23.9605
1,1,239,169.8721,41.6943,33.1193,22.0905
2,1,239,176.3233,41.3305,26.1454,23.7204
3,1,239,175.8402,48.7923,32.4644,25.1396
4,1,239,174.9288,51.8534,32.0683,22.5142
1,1,240,158.4104,41.8509,32.6791,32.7707
2,1,240,180.6541,43.4645,35.1775,36.004
3,1,240,176.0441,43.5456,34.473,31.9183
4,1,240,164.6349,43.8866,37.3495,31.2704
1,1,241,162.0695,42.9869,30.5626,21.9694
2,1,241,186.4097,36.9254,28.2607,23.8715
3,1,241,157.5705,43.92,31.3739,21.6284
4,1,241,163.8535,45.5344,29.5102,21.316
1,1,242,144.7554,44.5041,44.5963,30.4195
2,1,242,177.923,39.3538,30.5104,27.1433
3,1,242,164.1877,47.3826,41.4222,27.3683
4,1,242,163.8382,41.9176,37.7018,26.5151
1,1,243,166.8204,47.5084,38.886,17.4104
2,1,243,169.4862,38.0764,44.7333,20.967
3,1,243,169.493,38.6893,43.7275,17.0634
4,1,243,181.7932,41.8356,38.4397,20.9016
1,1,244,169.8571,43.3535,27.9471,20.7263
2,1,244,175.8109,45.6646,30.3235,20.6788
3,1,244,167.2193,49.6927,31.5486,24.5374
4,1,244,175.9714,42.9928,32.5363,25.6059
1,1,245,176.6601,47.4383,33.6378,21.7683
2,1,245,162.7794,49.4232,31.0011,20.66
3,1,245,152.6556,45.4277,30.6748,20.9036
4,1,245,145.0868,52.1916,35.729,22.7605
1,1,246,172.0277,51.6253,40.1262,20.3797
2,1,246,148.7903,46.7465,41.4803,22.4764
3,1,246,154.0419,45.4678,40.3245,21.5465
4,1,246,150.9144,37.231,38.9472,22.6285
1,1,247,137.6021,39.3364,32.8515,28.2296
2,1,247,115.6013,55.0368,24.0424,29.4379
3,1,247,136.2403,51.5698,29.1373,30.3746
4,1,247,150.0277,49.3965,26.5401,26.8774
1,1,248,173.2744,38.9498,30.3983,23.3306
2,1,248,135.4894,49.5843,30.7723,21.501
3,1,248,154.7306,53.436,27.2469,23.0186
4,1,248,146.9317,45.1502,34.0132,23.3107
1,1,249,168.0261,49.0656,27.5794,18.3053
2,1,249,167.2741,43.6415,29.5256,19.0869
3,1,249,162.9982,52.0975,28.9136,23.3222
4,1,249,148.392,46.8418,29.4784,17.6918
1,1,250,158.2482,51.8289,34.5103,19.7257
2,1,250,156.0909,47.3233,42.2848,23.682
3,1,250,166.0173,51.9008,38.6582,21.2835
4,1,250,146.7332,46.3464,35.3972,19.4492
1,1,251,170.1403,49.7712,33.2937,19.3827
2,1,251,161.1957,45.323,30.7222,18.493
3,1,251,155.5912,47.7225,33.918,21.9146
4,1,251,165.194,57.2102,36.4633,17.9113
1,1,252,152.7943,34.6978,35.7455,22.7417
2,1,252,175.5562,50.7177,33.9796,19.2413
3,1,252,172.2568,40.1987,38.2481,17.8373
4,1,252,157.6148,40.4775,36.1184,18.1554
1,1,253,158.6875,44.5991,44.7037,19.7285
2,1,253,164.8084,50.0541,41.6379,22.018
3,1,253,161.8684,44.794,40.2648,19.9657
4,1,253,183.2217,45.0439,40.536,19.8239
1,1,254,158.4649,46.4111,39.632,18.8976
2,1,254,155.5797,52.5674,33.9063,19.7077
3,1,254,161.2709,45.315,40.451,15.7382
4,1,254,155.2675,48.9306,37.157,18.574
1,1,255,175.6681,47.4842,36.6068,21.1826
2,1,255,166.3071,48.0037,34.91,19.1708
3,1,255,165.904,41.2853,36.2357,17.629
4,1,255,143.0165,43.3974,32.8343,19.8346
1,1,256,160.2768,44.3448,34.0212,19.3844
2,1,256,166.3257,42.2497,43.1268,19.6368
3,1,256,167.7203,54.5987,36.7433,23.3192
4,1,256,135.9241,51.4491,35.2339,20.0762
1,1,257,165.9824,42.2122,28.6756,21.7671
2,1,257,176.4921,50.4523,31.2283,24.3326
3,1,257,181.4047,44.4333,30.0672,21.9818
4,1,257,165.0541,49.8612,29.7897,24.1798
1,1,258,154.3135,33.7611,29.8042,21.9093
2,1,258,161.661,47.4149,34.8291,21.6416
3,1,258,157.6748,45.371,34.9693,21.6322
4,1,258,169.0931,43.0234,29.281,21.4748
1,1,259,166.112,46.112,26.16,23.9111
2,1,259,169.46,56.3531,28.6063,20.3099
3,1,259,163.2766,41.23,25.2841,22.1141
4,1,259,165.3263,45.5118,28.8546,22.0203
1,1,260,171.2635,54.703,29.5661,20.8232
2,1,260,168.6681,43.6966,30.9278,20.8536
3,1,260,176.8346,50.4306,29.472,19.6214
4,1,260,167.9557,56.4322,34.4739,23.8951
1,1,261,175.5181,43.8889,35.2243,27.7621
2,1,261,147.1982,50.2571,36.5842,22.4007
3,1,261,148.5719,43.1912,37.2251,28.3874
4,1,261,155.9301,35.7333,39.6007,24.5837
1,1,262,132.9701,46.8338,37.9541,17.8616
2,1,262,154.9561,44.2934,30.9525,21.426
3,1,262,179.5483,44.7741,27.4787,16.9996
4,1,262,152.5013,40.3202,33.8105,21.183
1,1,263,153.1283,44.1159,30.6268,18.3527
2,1,263,155.2097,46.762,31.4593,17.8924
3,1,263,158.6643,52.1437,34.1878,17.8341
4,1,263,170.6108,41.8271,37.2719,19.6942
1,1,264,150.5415,33.7751,25.7655,20.7273
2,1,264,168.8282,41.5945,34.741,23.7447
3,1,264,146.0539,40.5588,29.6351,20.5422
4,1,264,142.6456,43.7679,30.0299,23.0014
1,1,265,164.6396,49.2383,36.0133,19.9309
2,1,265,166.887,46.6974,34.0163,22.9921
3,1,265,153.6066,46.799,27.8324,25.2187
4,1,265,161.637,55.0237,37.3312,24.2257
1,1,266,176.1816,37.6638,36.14,21.5593
2,1,266,171.1654,47.8773,33.5926,21.3217
3,1,266,170.6504,39.9397,31.5903,23.7231
4,1,266,171.2402,38.3122,29.2932,22.0813
1,1,267,161.3405,50.1455,35.5676,22.2958
2,1,267,151.8243,55.7355,28.0191,20.6054
3,1,267,163.7837,45.9068,33.8019,19.1201
4,1,267,143.3911,49.9739,32.8058,18.3431
1,1,268,145.8154,53.2394,22.7335,17.131
2,1,268,149.8055,45.8233,27.1333,17.7479
3,1,268,166.9102,42.753,29.1671,20.0872
4,1,268,148.9551,48.6683,29.4909,17.3312
1,1,269,187.2275,31.9901,37.5241,24.8703
2,1,269,164.766,39.1656,34.5807,20.6372
3,1,269,160.4949,39.1068,32.0022,19.653
4,1,269,180.0986,41.7829,35.1955,19.0334
1,1,270,154.8418,45.5246,40.2565,20.1122
2,1,270,173.9369,48.9792,32.9402,19.3591
3,1,270,161.4132,45.3517,38.0893,22.6049
4,1,270,172.2084,47.1351,32.8072,15.9577
1,1,271,161.201,46.6318,29.5315,19.4485
2,1,271,169.0849,43.9287,28.1151,18.6112
3,1,271,186.8094,46.2998,25.0985,20.8529
4,1,271,182.0332,53.6474,28.8189,19.1496
1,1,272,142.2036,40.971,34.4748,16.0356
2,1,272,162.3838,47.433,30.0295,17.7633
3,1,272,143.8855,49.4035,32.7017,20.0736
4,1,272,152.339,42.9796,28.1453,19.5489
1,1,273,199.4941,38.5258,32.206,19.0391
2,1,273,178.4343,32.584,34.1886,20.3937
3,1,273,177.5202,37.6855,35.7438,19.9058
4,1,273,169.2629,34.9752,38.4108,20.1371
1,1,274,165.4448,43.4123,29.5398,18.3458
2,1,274,175.7112,51.8282,25.1651,22.2915
3,1,274,166.3101,49.6469,30.4751,20.973
4,1,274,166.0358,44.4599,27.7562,19.6667
1,1,275,164.9803,40.2512,40.0251,22.0189
2,1,275,168.0476,39.5904,47.2467,20.5274
3,1,275,174.6724,36.0034,41.4937,25.9584
4,1,275,164.0399,31.4315,40.0297,21.4576
1,1,276,142.3995,33.9632,24.3363,22.6243
2,1,276,152.7102,38.889,25.1551,24.803
3,1,276,152.9092,45.2665,37.8901,21.0811
4,1,276,139.0561,47.0026,25.3158,18.8069
1,1,277,172.8534,44.8066,40.5468,19.7663
2,1,277,169.8655,40.919,43.4639,22.5303
3,1,277,172.1129,47.6275,41.6301,22.8636
4,1,277,170.7659,45.1427,38.7868,22.5236
1,1,278,160.1812,39.8336,31.9757,22.339
2,1,278,152.6975,42.1897,26.8863,20.1507
3,1,278,163.1662,44.5666,32.0148,18.0191
4,1,278,151.1742,37.7276,25.6226,19.8288
1,1,279,179.0417,49.955,34.6308,29.1131
2,1,279,159.2456,46.1537,35.3767,31.1071
3,1,279,154.7395,47.4472,30.9034,28.1171
4,1,279,149.461,45.3973,31.9298,26.7384
1,1,280,169.4671,50.4907,30.6303,22.2467
2,1,280,150.2713,43.386,36.9196,18.4581
3,1,280,136.6043,38.4785,40.0356,21.1827
4,1,280,161.8239,45.4954,30.6732,22.8656
1,1,281,155.7361,39.3763,41.4906,26.5017
2,1,281,145.8136,41.173,37.5891,29.4998
3,1,281,157.84,43.4885,34.4919,24.8076
4,1,281,134.5156,39.8796,36.2054,22.5893
1,1,282,157.2372,34.9647,33.7652,23.93
2,1,282,177.0497,37.5937,30.1456,23.2358
3,1,282,175.6773,32.6977,29.4286,22.041
4,1,282,164.3884,36.188,28.5465,23.319
1,1,283,169.6388,41.5067,29.4015,27.5623
2,1,283,165.8797,36.6481,28.8611,27.4135
3,1,283,184.4331,38.8712,36.1114,27.2841
4,1,283,159.1872,32.531,32.8342,28.5194
1,1,284,161.1332,44.2101,32.1919,23.3467
2,1,284,174.5822,38.8944,35.4711,18.1674
3,1,284,167.1967,44.2465,35.7003,22.8616
4,1,284,158.5941,46.3142,31.3494,22.6325
1,1,285,154.8059,55.8407,21.992,22.7094
2,1,285,155.8908,46.877,32.5844,21.8524
3,1,285,163.9197,53.7004,27.6462,18.2876
4,1,285,155.6133,51.6949,29.2632,22.6043
1,1,286,168.5051,45.2508,35.3987,16.1764
2,1,286,177.9288,34.8193,37.0993,18.4354
3,1,286,168.6724,40.1027,34.821,18.3932
4,1,286,174.7555,46.9073,32.6471,19.054
1,1,287,171.1806,43.3072,40.8528,26.4145
2,1,287,156.5282,34.8741,39.4243,26.5915
3,1,287,186.5625,35.2008,32.955,25.8872
4,1,287,178.8227,51.3217,38.7071,24.4491
1,1,288,167.3877,33.9072,41.2424,21.5035
2,1,288,171.6518,38.1471,35.131,24.5151
3,1,288,174.3743,45.4818,35.8819,22.4653
4,1,288,175.1443,39.6942,36.7701,19.3318
1,1,289,169.2151,43.457,33.5165,23.2343
2,1,289,153.7418,40.6504,28.4583,20.8212
3,1,289,145.2594,44.3275,31.5656,25.4853
4,1,289,155.371,41.9911,34.7343,21.9485
1,1,290,154.2893,44.3225,26.6694,21.2446
2,1,290,159.6393,44.4506,38.1662,17.8249
3,1,290,158.8513,50.4485,33.5145,19.59
4,1,290,150.4148,41.1862,33.096,18.1575
1,1,291,127.9254,57.0614,36.4385,19.1673
2,1,291,127.8743,49.3737,33.3372,20.4711
3,1,291,130.596,49.8427,31.7405,23.8384
4,1,291,140.4443,52.1252,29.1806,20.4002
1,1,292,169.2418,38.6871,32.523,23.1871
2,1,292,168.9038,35.5422,30.7395,25.1286
3,1,292,169.1008,46.3803,31.3668,26.7757
4,1,292,163.373,44.9088,33.438,25.8461
1,1,293,165.2209,43.6137,39.3849,19.2201
2,1,293,179.7369,48.5588,39.6299,18.4613
3,1,293,158.7829,42.6277,33.6935,18.0441
4,1,293,163.319,49.4456,33.9503,19.3645
1,1,294,168.3212,43.4505,31.1638,15.8316
2,1,294,159.9842,40.307,29.8648,17.6689
3,1,294,173.9223,45.9915,32.9511,16.6217
4,1,294,163.8445,42.9117,33.8613,17.0329
1,1,295,152.5625,48.4268,38.07,20.0512
2,1,295,162.0724,46.7343,41.7416,19.0764
3,1,295,157.8485,47.5117,41.4181,20.4548
4,1,295,165.6841,46.9236,44.7237,20.7459
1,1,296,167.411,43.2202,38.9266,19.7155
2,1,296,180.1882,47.548,43.1867,25.1372
3,1,296,167.404,43.8041,39.9129,22.5768
4,1,296,158.2948,43.8527,38.8413,21.7968
1,1,297,143.1579,46.8254,37.1218,23.8862
2,1,297,165.8471,43.8376,32.1797,26.2105
3,1,297,150.0149,38.241,35.0714,21.6512
4,1,297,146.2947,46.2256,39.8911,24.1905
1,1,298,157.0282,45.2929,31.8961,20.8573
2,1,298,158.2364,40.6776,35.1851,20.4301
3,1,298,173.0407,40.2113,37.4295,20.6907
4,1,298,158.9213,44.8901,31.2065,20.2223
1,1,299,144.3066,49.2233,39.7161,19.5652
2,1,299,167.2102,47.578,36.1509,18.8841
3,1,299,166.0769,33.8485,35.4444,19.8344
4,1,299,164.5841,41.059,36.4338,19.22
1,1,300,196.1278,36.0954,40.5719,26.8883
2,1,300,167.4597,36.5526,39.9645,27.3111
3,1,300,169.6785,44.2625,40.9301,26.3649
4,1,300,176.2483,39.7031,39.8882,24.551
1,1,301,151.9783,45.9267,37.6582,20.1157
2,1,301,166.8609,41.6222,28.0017,21.7654
3,1,301,165.1482,44.8081,38.8473,19.3187
4,1,301,184.3504,42.9221,43.801,23.9932
1,1,302,170.4106,49.4979,33.8801,22.4501
2,1,302,157.6413,47.2758,32.6301,22.6787
3,1,302,170.2943,54.4228,38.9951,24.2928
4,1,302,183.7731,48.687,38.6338,23.1512
1,1,303,170.9907,46.7181,32.5496,17.7108
2,1,303,178.6999,52.9245,33.7454,17.5616
3,1,303,169.0369,59.6346,32.6195,19.6366
4,1,303,167.6217,52.1334,32.1772,20.3064
1,1,304,159.5681,46.7431,32.6302,20.2439
2,1,304,156.5018,52.7629,34.4232,16.1006
3,1,304,156.2362,45.4627,33.882,18.4681
4,1,304,163.7042,53.221,38.1494,18.7238
1,1,305,132.1727,48.0846,34.1455,22.1706
2,1,305,147.1999,47.3606,35.678,24.6182
3,1,305,154.2966,49.0558,36.4891,22.6723
4,1,305,166.6861,49.153,27.993,25.9605
1,1,306,152.7798,44.9458,32.3934,20.7505
2,1,306,155.4273,47.3502,29.2615,21.8428
3,1,306,161.5278,47.9283,31.3065,25.0655
4,1,306,156.1242,48.9633,28.9756,20.9406
1,1,307,155.3564,41.5246,35.6318,21.6858
2,1,307,162.4035,45.5135,38.8837,19.8756
3,1,307,169.458,39.8822,39.1847,20.4319
4,1,307,177.0701,38.3453,37.7055,22.1019
1,1,308,169.1502,45.4006,31.1548,23.3337
2,1,308,169.3464,48.7621,34.2611,22.4508
3,1,308,145.5346,48.6532,34.0248,21.1888
4,1,308,151.5842,42.839,42.0017,20.8222
1,1,309,140.9669,56.9302,37.6092,24.9354
2,1,309,135.6332,53.6351,33.3202,25.0602
3,1,309,145.2868,52.9636,35.1568,25.4408
4,1,309,162.0435,47.9969,36.1177,26.5148
1,1,310,161.8639,43.7885,30.1137,23.3655
2,1,310,169.5067,51.6813,33.0806,22.3505
3,1,310,162.1339,39.7927,30.5401,25.2776
4,1,310,162.7226,43.8931,30.372,21.2833
1,1,311,170.9864,55.8919,37.4755,21.2975
2,1,311,167.4521,43.8389,33.6608,24.6431
3,1,311,160.8556,44.2851,32.3018,24.1055
4,1,311,141.3307,51.8413,32.5742,20.1834
1,1,312,149.019,55.5557,29.4119,22.5471
2,1,312,151.4579,53.3225,29.8199,22.0759
3,1,312,174.441,49.1192,34.7186,20.6797
4,1,312,137.4338,42.4103,28.8299,21.3588
1,1,313,191.4522,46.2929,32.5062,24.7915
2,1,313,163.6788,40.478,38.5216,23.9542
3,1,313,161.2358,37.1964,38.9449,23.9612
4,1,313,169.7551,39.256,30.5363,26.7426
1,1,314,169.277,33.8619,39.831,23.4294
2,1,314,148.6427,41.5093,34.5889,23.2601
3,1,314,148.769,45.9844,34.2682,25.7058
4,1,314,161.6308,41.8869,37.6149,22.446
1,1,315,177.7276,48.7412,31.3697,18.5637
2,1,315,164.8905,43.5055,38.4867,25.7378
3,1,315,173.5641,42.6516,35.5322,22.9839
4,1,315,177.636,41.1186,34.5975,25.0755
1,1,316,152.0779,48.0207,31.6753,21.486
2,1,316,160.102,47.0225,35.2875,22.4797
3,1,316,143.3918,44.5192,34.024,22.2054
4,1,316,161.2901,50.1847,34.8475,24.1765
1,1,317,157.0726,42.0433,33.9355,22.1311
2,1,317,153.5297,42.7234,31.629,24.0429
3,1,317,165.4168,42.3408,26.2596,28.4948
4,1,317,144.266,37.8881,31.5796,23.2496
1,1,318,140.1976,50.084,35.7104,23.0897
2,1,318,152.8127,46.5964,36.0426,18.4494
3,1,318,159.0886,52.7717,40.2597,21.6223
4,1,318,169.0253,56.2396,33.3549,20.3942
1,1,319,152.4255,43.3297,29.4628,26.5714
2,1,319,150.6551,39.3138,32.4053,23.5144
3,1,319,152.186,53.2502,33.8276,22.7921
4,1,319,150.6714,51.6113,30.6623,25.5347
1,1,320,156.957,51.0051,37.5696,21.4251
2,1,320,172.2612,39.4604,38.5231,24.0751
3,1,320,174.9582,40.096,35.3317,20.108
4,1,320,173.9451,50.9658,40.6853,21.279
1,1,321,162.3167,37.9632,37.061,24.5094
2,1,321,147.1549,42.4906,36.7571,23.7839
3,1,321,160.5231,42.76,39.0263,23.7499
4,1,321,187.0161,49.6425,37.8823,23.6244
1,1,322,174.0235,47.8424,36.5735,17.9833
2,1,322,173.1632,46.4668,32.6261,18.4493
3,1,322,149.0282,39.8915,30.071,18.9416
4,1,322,155.2399,41.8498,34.612,20.3444
1,1,323,145.4041,43.3394,36.8496,19.9796
2,1,323,172.9749,42.1304,31.1035,18.4702
3,1,323,158.2631,47.0514,36.2803,22.5623
4,1,323,159.761,49.3092,41.0904,19.2271
1,1,324,157.3849,50.0518,26.8813,23.7138
2,1,324,166.7893,42.0284,34.9392,23.966
3,1,324,168.5625,45.2133,32.5762,23.7391
4,1,324,160.1996,57.031,37.3206,20.4342
1,1,325,141.8822,48.0555,27.8691,20.5222
2,1,325,148.5985,48.6419,23.6242,20.2387
3,1,325,149.693,47.9121,23.0703,23.4149
4,1,325,164.366,49.8889,17.2479,20.5747
1,1,326,136.4445,47.1909,31.2861,22.5491
2,1,326,157.6974,47.7054,35.0803,21.4291
3,1,326,144.1833,55.7207,32.9045,21.4522
4,1,326,163.1342,50.8773,30.7038,24.9469
1,1,327,151.9147,38.7217,37.6413,25.9833
2,1,327,147.1803,41.0612,32.9681,26.3741
3,1,327,145.4034,51.6499,32.445,24.564
4,1,327,180.3456,49.211,33.8588,24.6999
1,1,328,157.3872,50.5641,34.5368,15.9577
2,1,328,159.942,51.8352,31.6883,16.633
3,1,328,152.3058,53.6529,31.8623,20.1849
4,1,328,170.6868,49.6658,33.0021,17.2502
1,1,329,149.4502,43.3428,35.6027,20.5352
2,1,329,160.2109,43.401,34.2485,20.246
3,1,329,157.5993,36.1621,28.8249,17.499
4,1,329,175.0128,34.8547,30.2264,19.0588
1,1,330,185.1576,42.7887,37.4049,27.4644
2,1,330,176.5585,45.1547,32.0726,27.6054
3,1,330,171.933,45.0631,36.888,32.3088
4,1,330,186.3124,49.9609,38.785,25.5146
1,1,331,151.0963,37.9018,37.9683,26.3422
2,1,331,175.299,37.5288,35.0647,25.2588
3,1,331,153.9677,38.7157,39.0908,25.7009
4,1,331,166.4709,33.9816,32.8679,25.3742
1,1,332,169.5911,49.0564,30.4442,24.8939
2,1,332,168.2516,45.297,35.1591,21.4368
3,1,332,168.108,43.2754,45.8338,23.6277
4,1,332,182.9712,50.907,34.8376,20.6749
1,1,333,169.7806,52.3144,39.1054,20.9861
2,1,333,161.0354,51.6446,42.4787,24.8702
3,1,333,157.9808,46.6732,35.7798,22.1669
4,1,333,157.6133,47.9892,39.9454,21.2956
1,1,334,163.6435,43.392,31.8844,18.8376
2,1,334,177.7456,44.1922,32.3496,20.9423
3,1,334,174.2199,53.4798,30.3027,18.6991
4,1,334,169.6879,45.4775,30.748,19.0936
1,1,335,166.2257,47.4088,30.8951,22.4096
2,1,335,182.2502,39.7248,39.751,18.9444
3,1,335,155.4523,32.9588,33.2452,25.0826
4,1,335,179.751,34.2891,39.1451,20.6956
1,1,336,164.8824,39.8706,41.9748,20.6364
2,1,336,152.6894,38.2613,39.4489,21.2731
3,1,336,166.0091,41.8267,35.8406,21.5147
4,1,336,156.462,42.2552,39.2904,20.0092
1,1,337,175.5363,52.9023,37.3633,21.9293
2,1,337,141.2953,42.1788,30.7822,21.021
3,1,337,168.4985,46.2457,26.2105,18.5325
4,1,337,152.227,52.9,27.2629,18.8393
1,1,338,140.7585,52.1825,37.3335,20.7868
2,1,338,152.6216,50.2901,31.3183,19.9175
3,1,338,148.2924,44.7528,32.2261,20.2332
4,1,338,146.2658,43.6797,39.4623,18.1521
1,1,339,179.0497,55.2596,27.6919,25.1337
2,1,339,162.9422,48.1346,26.6059,22.6166
3,1,339,157.4935,54.0053,30.2221,22.6193
4,1,339,137.6415,50.3841,29.9497,22.9113
1,1,340,167.1499,56.0453,32.5071,23.1871
2,1,340,155.4264,58.9021,37.1557,25.3888
3,1,340,164.8629,48.8984,36.0758,25.1362
4,1,340,159.6754,47.5599,32.0309,22.4047
1,1,341,167.5546,40.1493,34.5782,25.5681
2,1,341,161.8433,33.7991,36.1573,27.445
3,1,341,177.3924,40.1543,37.1233,29.2687
4,1,341,162.8287,41.7668,30.8122,27.6444
1,1,342,174.7139,45.1004,30.9169,22.2151
2,1,342,164.659,47.7115,28.5557,23.3975
3,1,342,163.0729,53.1447,30.1999,21.5378
4,1,342,145.5405,43.0876,23.381,24.3046
1,1,343,163.0119,43.4203,35.5352,22.1315
2,1,343,168.2476,38.4389,31.006,22.2025
3,1,343,167.5255,45.7966,36.8329,23.3304
4,1,343,176.1595,40.8585,39.4218,24.2022
1,1,344,151.3938,46.6834,31.5621,16.6274
2,1,344,160.061,47.0405,30.4356,18.5333
3,1,344,139.6284,49.8867,27.2222,18.5468
4,1,344,131.9973,49.9913,31.5285,17.051
1,1,345,142.5484,54.0574,30.4131,25.2204
2,1,345,154.0004,53.6317,30.0148,21.258
3,1,345,158.9617,52.3268,31.1906,26.1052
4,1,345,165.2637,47.6617,31.2399,23.3116
1,1,346,142.8922,45.5722,35.7201,19.3703
2,1,346,161.9277,46.0168,38.3419,20.3847
3,1,346,158.8056,53.4161,36.4948,18.5275
4,1,346,158.8749,42.5254,35.4653,19.6294
1,1,347,136.5578,49.7351,31.4526,18.6863
2,1,347,150.3516,48.8437,36.8657,19.1625
3,1,347,141.8051,53.4394,34.9365,18.167
4,1,347,153.9973,51.4677,32.8937,19.6493
1,1,348,164.1572,52.0804,34.2887,22.4995
2,1,348,148.327,39.9625,35.1293,21.6836
3,1,348,161.5109,46.3076,36.8907,22.2304
4,1,348,144.959,44.3936,33.1885,19.0845
1,1,349,163.0024,38.7734,34.4162,17.5567
2,1,349,157.258,37.5889,37.9195,16.7044
3,1,349,180.359,34.834,32.6106,16.7454
4,1,349,166.5242,36.1019,33.0063,17.5501
1,1,350,163.5671,41.0018,33.7435,20.3176
2,1,350,169.8582,42.0921,35.319,21.7137
3,1,350,163.1903,35.2638,33.27,20.1912
4,1,350,179.724,47.3359,36.6199,22.4401
1,1,351,164.2354,35.3793,37.4307,22.3799
2,1,351,180.7444,35.2734,38.5623,21.4877
3,1,351,156.0038,41.1842,42.3232,23.2178
4,1,351,194.164,41.6893,43.7591,17.0577
1,1,352,163.8503,48.5403,33.4701,20.593
2,1,352,143.9648,44.1358,31.3732,20.9884
3,1,352,166.4685,50.7263,35.6872,19.3784
4,1,352,132.4106,40.5835,35.6109,23.5236
1,1,353,184.4306,36.9321,34.5362,20.8915
2,1,353,198.8103,38.964,40.249,19.6481
3,1,353,196.3946,36.1786,38.1318,19.4651
4,1,353,179.0987,40.5499,31.6041,19.6793
1,1,354,150.7739,50.5662,38.7997,17.9377
2,1,354,161.6492,41.6788,34.9605,21.2411
3,1,354,143.1663,44.1294,38.2344,17.9756
4,1,354,152.9027,40.3633,39.1459,19.3853
1,1,355,161.6877,53.0437,33.1971,22.2071
2,1,355,179.0497,52.7741,32.9965,21.312
3,1,355,161.1316,55.2598,28.2727,19.9268
4,1,355,149.4118,43.9097,32.8335,21.2324
1,1,356,165.2791,39.1155,40.5869,17.3293
2,1,356,167.2307,35.5221,43.965,18.5534
3,1,356,178.5127,41.871,39.2786,19.2198
4,1,356,173.3354,41.8812,44.0812,21.4841
1,1,357,147.0367,51.0016,35.454,18.0586
2,1,357,153.2459,45.1058,37.5667,20.7674
3,1,357,148.338,44.5719,42.2731,20.9183
4,1,357,174.1702,41.4831,35.1084,21.763
1,1,358,162.6017,42.4302,32.4354,21.2196
2,1,358,159.6901,53.5124,30.2899,17.766
3,1,358,164.3055,51.9999,36.9442,15.3463
4,1,358,158.7478,52.5983,30.7885,17.9681
1,1,359,173.3264,37.9995,37.6039,20.5922
2,1,359,167.5627,42.1008,38.2062,22.4608
3,1,359,165.4061,40.4964,35.5711,22.2975
4,1,359,158.492,42.1721,44.2644,19.184
1,1,360,166.3989,47.6443,33.9613,24.4259
2,1,360,155.0125,39.6801,31.8651,21.5415
3,1,360,179.1579,48.9921,38.1712,23.8488
4,1,360,173.8616,46.0439,34.607,20.6138
1,1,361,161.9633,44.9959,35.0847,26.9774
2,1,361,159.0225,49.0227,33.5085,23.491
3,1,361,178.6259,41.937,34.1422,24.0469
4,1,361,170.747,52.7938,30.9961,21.2251
1,1,362,150.3683,42.0469,27.0294,21.8092
2,1,362,158.9029,36.9912,31.7579,22.7773
3,1,362,155.0318,40.4974,33.9598,24.4088
4,1,362,155.4101,36.8569,32.2423,25.0507
1,1,363,167.3967,43.1175,42.4922,22.1211
2,1,363,159.3527,39.8413,49.3471,15.9132
3,1,363,157.6256,46.7354,39.8571,20.5174
4,1,363,170.2454,44.4824,38.0005,19.477
1,1,364,153.6173,49.3891,34.2234,20.3288
2,1,364,170.5186,47.5763,38.8911,22.11
3,1,364,154.5327,53.7888,37.7884,22.7929
4,1,364,150.3179,42.1404,40.7605,20.9734
1,1,365,162.813,53.2323,29.3116,16.9127
2,1,365,158.1587,53.6638,27.9416,20.4081
3,1,365,153.0094,45.8941,34.9451,17.6846
4,1,365,163.3171,40.7514,32.4597,18.1589
1,1,366,153.5918,45.8985,35.506,22.5692
2,1,366,157.4993,49.1584,29.8178,23.5638
3,1,366,152.2863,46.0474,27.743,18.9899
4,1,366,176.6328,45.2016,33.3645,22.3227
1,1,367,144.8061,47.1887,31.5938,22.8325
2,1,367,166.0387,48.1402,24.9939,19.1091
3,1,367,163.1393,41.8177,37.9116,23.2489
4,1,367,146.3741,55.8069,29.5347,20.1827
1,1,368,142.9177,37.7931,34.359,22.3864
2,1,368,175.3735,45.4605,32.0445,23.4992
3,1,368,168.1514,48.6056,31.0703,23.2636
4,1,368,151.6643,43.7323,28.1098,27.0855
1,1,369,156.5806,50.7915,28.8471,21.7436
2,1,369,140.6557,55.9383,29.8266,22.6541
3,1,369,157.2262,57.3677,24.414,20.1003
4,1,369,157.6541,52.2361,26.611,22.163
1,1,370,163.2196,31.0327,34.9559,23.1726
2,1,370,186.8194,38.7883,37.9602,26.351
3,1,370,192.3883,38.1148,37.5378,22.6495
4,1,370,170.6692,29.5847,40.6878,23.0776
1,1,371,185.4421,46.9504,33.1107,24.1972
2,1,371,173.0707,40.1494,35.8905,23.4068
3,1,371,181.1653,52.19,34.3462,23.6793
4,1,371,179.6432,42.5003,34.4592,22.1631
1,1,372,162.8587,42.3978,32.0024,25.5234
2,1,372,161.3113,44.8228,29.5419,22.7418
3,1,372,154.9456,50.6591,34.3362,22.7586
4,1,372,154.0939,47.5801,30.4028,24.7051
1,1,373,155.8077,42.889,32.9059,26.1323
2,1,373,161.5536,45.2028,25.772,24.0503
3,1,373,160.8214,40.4813,30.5866,24.9164
4,1,373,163.5374,47.5006,28.0106,23.8047
1,1,374,150.7237,42.1097,31.7148,21.526
2,1,374,152.8821,43.3641,33.1154,21.638
3,1,374,164.27,36.4189,26.3417,20.9287
4,1,374,178.7099,45.6315,35.8877,24.3046
1,1,375,164.696,51.3504,34.8156,25.2445
2,1,375,150.0285,48.7549,38.6198,22.0555
3,1,375,171.6511,55.4341,35.4569,21.754
4,1,375,150.8957,60.7725,36.0037,22.4926
1,1,376,166.2656,50.7915,42.7735,19.2325
2,1,376,146.8206,37.9059,39.7717,17.9745
3,1,376,181.2808,49.75,37.6118,19.5319
4,1,376,176.4885,45.5499,41.938,19.796
1,1,377,167.5342,45.3653,35.3765,26.6135
2,1,377,161.8261,47.2583,38.798,21.4585
3,1,377,191.0786,39.152,31.8379,24.6398
4,1,377,161.8473,41.3366,35.9061,25.2357
1,1,378,184.5689,44.8827,35.1044,26.7019
2,1,378,167.1823,44.1732,39.816,29.5449
3,1,378,170.6598,41.3332,39.4179,27.501
4,1,378,184.0507,40.3753,39.5507,28.3111
1,1,379,166.4663,51.529,34.9625,24.488
2,1,379,163.2856,46.4127,37.8332,25.5071
3,1,379,166.6753,39.0897,33.6985,26.1694
4,1,379,162.0141,47.7719,39.278,24.0252
1,1,380,164.3009,45.67,38.8214,20.7114
2,1,380,177.4508,41.1629,41.9388,21.2275
3,1,380,168.5502,46.8783,33.3073,22.0162
4,1,380,162.0584,39.2614,37.7536,23.7161
1,1,381,173.8723,51.7568,35.8755,20.3956
2,1,381,164.1682,49.2711,37.2198,19.742
3,1,381,158.9548,52.4444,36.9917,17.8707
4,1,381,160.2783,54.3199,40.2991,19.7172
1,1,382,156.2921,47.6325,33.38,19.8404
2,1,382,182.3993,53.2992,30.1981,22.4181
3,1,382,165.528,41.7156,31.1566,21.7037
4,1,382,141.9784,50.2065,35.4387,17.7182
1,1,383,171.8713,41.3001,31.6209,19.0175
2,1,383,162.9478,52.1132,37.8864,16.4831
3,1,383,159.2732,46.1756,36.7049,19.7254
4,1,383,171.5986,45.0803,36.6587,19.2868
1,1,384,146.7021,38.0432,34.7701,19.5899
2,1,384,174.4611,45.001,35.4975,22.4708
3,1,384,185.9444,46.4575,34.7377,21.9047
4,1,384,185.3603,40.1953,36.017,21.2173
1,1,385,170.5719,54.5752,43.1493,22.1655
2,1,385,163.6976,41.0021,39.991,23.1199
3,1,385,177.4908,37.6636,36.2216,21.1938
4,1,385,151.0816,40.7272,38.0174,19.4567
1,1,386,165.6108,46.8747,34.6508,26.4262
2,1,386,194.4989,45.2038,42.9892,27.3768
3,1,386,177.9592,42.85,39.485,28.907
4,1,386,165.0287,36.622,38.1107,26.1529
1,1,387,168.7975,42.5602,28.7436,23.6726
2,1,387,173.2806,47.147,31.4438,21.1715
3,1,387,167.9187,42.0323,29.7852,22.7954
4,1,387,170.0499,47.0591,35.1593,23.2386
1,1,388,168.153,42.1932,36.6879,21.2968
2,1,388,159.2405,33.8971,41.4405,22.4056
3,1,388,191.7291,39.1328,41.0688,25.8019
4,1,388,155.9344,40.6799,33.6623,24.4473
1,1,389,148.9748,42.9052,35.1534,20.3101
2,1,389,146.0293,46.1742,34.3672,22.773
3,1,389,184.906,37.525,32.495,21.7061
4,1,389,175.6897,40.8965,36.4355,25.032
1,1,390,160.2848,43.5075,36.8097,15.3231
2,1,390,162.6369,50.9419,31.7092,18.2005
3,1,390,184.2129,45.9309,33.2206,19.5634
4,1,390,156.967,47.3371,29.328,18.8176
1,1,391,140.5764,44.5794,31.7979,21.3305
2,1,391,164.2301,51.8588,33.1303,18.7414
3,1,391,175.9516,43.7852,43.8444,21.9737
4,1,391,171.4222,40.9637,34.8657,22.0836
1,1,392,169.7344,48.7108,37.1885,21.2235
2,1,392,161.0878,45.8009,28.0378,22.0154
3,1,392,173.5152,54.6622,28.5095,23.2956
4,1,392,169.3995,53.399,36.4598,19.3273
1,1,393,156.4003,43.4984,31.7719,21.5114
2,1,393,167.6822,50.6372,36.408,24.3283
3,1,393,176.8835,48.8547,32.2244,25.0362
4,1,393,172.4029,50.5079,34.4079,24.0702
1,1,394,162.6546,41.9006,36.1215,22.9416
2,1,394,167.9098,38.6452,33.709,24.5208
3,1,394,156.9219,36.6301,34.5975,23.856
4,1,394,177.1597,45.7038,36.5071,26.3528
1,1,395,152.9716,46.0226,36.0321,23.9807
2,1,395,156.4877,49.2336,35.1599,23.4983
3,1,395,165.9647,44.6188,35.6446,23.6113
4,1,395,163.8654,51.6375,30.8693,26.9093
1,1,396,152.1703,47.7932,36.2063,18.4088
2,1,396,152.9272,51.1183,33.0075,20.9772
3,1,396,163.3882,47.5757,28.7172,21.243
4,1,396,155.318,45.4404,27.64,19.1057
1,1,397,159.8158,37.2498,30.3358,25.1644
2,1,397,172.5087,39.0995,28.3443,25.2429
3,1,397,159.2883,35.1719,30.1831,21.4344
4,1,397,162.1896,27.4085,35.1752,21.315
1,1,398,145.0569,50.9216,25.5983,21.1801
2,1,398,141.0857,57.1217,25.7708,18.2454
3,1,398,133.9614,45.8952,31.5787,22.2843
4,1,398,132.6411,54.1194,24.9856,20.5779
1,1,399,172.4823,45.1657,37.558,21.4786
2,1,399,169.2758,36.4869,33.636,22.5826
3,1,399,160.3201,42.3307,37.2865,24.8949
4,1,399,171.3869,45.0584,34.7842,23.7762
1,1,400,176.3878,42.1493,29.3013,23.6859
2,1,400,148.1045,48.1971,30.428,25.542
3,1,400,163.7008,48.4432,33.133,23.1347
4,1,400,171.0368,41.0472,20.9636,21.5722
1,1,401,133.2043,40.4962,34.631,19.588
2,1,401,151.9479,47.1909,29.5535,19.2367
3,1,401,160.4194,51.9411,28.0367,20.1418
4,1,401,170.1862,38.4282,35.4401,16.9998
1,1,402,167.7711,41.4882,39.758,25.3144
2,1,402,161.8325,38.8805,40.27,26.3535
3,1,402,171.5311,40.3614,38.6959,23.2864
4,1,402,156.5134,46.1167,38.0226,24.8532
1,1,403,148.7819,45.6148,37.1416,22.5599
2,1,403,155.1357,48.8237,31.1108,21.3137
3,1,403,167.4232,42.8447,38.1638,21.9763
4,1,403,145.7537,36.965,35.3191,23.9522
1,1,404,160.2185,45.8581,40.24,22.5789
2,1,404,152.7374,42.3355,38.0201,19.4992
3,1,404,167.1095,36.3126,38.5451,24.8809
4,1,404,171.9226,45.8168,46.7445,22.0856
1,1,405,145.2024,46.8316,28.2068,24.0167
2,1,405,149.3185,40.0916,39.6325,27.172
3,1,405,161.5808,40.7558,35.1702,25.4221
4,1,405,151.5182,48.1852,33.4247,26.2003
1,1,406,167.6965,49.51,41.7193,22.4341
2,1,406,172.6544,44.8057,39.3118,19.5239
3,1,406,157.9971,45.6798,39.0928,22.8755
4,1,406,156.4401,40.6846,35.3259,20.2505
1,1,407,170.9008,45.9725,33.6327,21.4215
2,1,407,163.1655,51.4467,36.6825,20.1839
3,1,407,160.4353,50.6422,32.6707,19.9728
4,1,407,145.0584,40.8181,37.4655,21.2444
1,1,408,176.0771,35.6265,38.5969,17.541
2,1,408,165.2125,44.2262,37.7452,18.4345
3,1,408,165.4299,42.0394,36.6431,20.5805
4,1,408,163.2883,37.8622,37.4625,20.6182
1,1,409,165.3242,35.5636,35.2351,23.031
2,1,409,166.9503,53.0631,41.2076,22.9756
3,1,409,175.1239,46.9366,35.6187,24.3376
4,1,409,189.4061,40.1722,42.1997,22.9802
1,1,410,156.7405,51.261,33.0962,19.9947
2,1,410,162.7137,51.496,27.7965,20.6253
3,1,410,160.5775,39.9196,25.1094,20.9356
4,1,410,157.7003,48.6357,26.011,20.8421
1,1,411,158.5592,54.2029,30.3884,21.7843
2,1,411,162.3091,47.4094,30.8903,20.7897
3,1,411,170.5618,43.877,38.9498,24.9949
4,1,411,159.5289,46.8539,28.5213,22.0188
1,1,412,169.5949,43.4534,35.0523,21.4448
2,1,412,168.0428,62.8593,24.7201,17.8459
3,1,412,164.4707,53.6223,27.7464,19.6382
4,1,412,139.4897,42.3676,30.5284,16.77
1,1,413,147.5472,43.9857,23.0499,28.6197
2,1,413,172.2593,44.0619,27.525,31.2193
3,1,413,156.6087,35.6242,27.7683,30.0758
4,1,413,146.5449,42.6684,25.4153,29.6557
1,1,414,173.5849,53.9746,31.693,19.4357
2,1,414,163.2251,48.6368,30.3391,18.065
3,1,414,168.5014,44.8813,34.9255,18.1137
4,1,414,153.4489,42.4221,37.0942,16.6522
1,1,415,160.1593,47.2879,36.6745,24.3261
2,1,415,178.585,42.2719,34.9328,22.606
3,1,415,170.9806,34.9736,35.9545,22.2979
4,1,415,162.6287,42.8906,36.9693,21.8994
1,1,416,173.1769,35.6349,32.0467,27.0986
2,1,416,159.3863,45.2425,30.9105,26.2741
3,1,416,154.7932,48.7499,33.487,22.321
4,1,416,156.3209,40.3854,28.3071,27.0333
1,1,417,157.1098,48.9688,31.0911,19.8035
2,1,417,155.6255,49.8471,33.1548,21.1494
3,1,417,166.5957,49.7942,34.0458,17.7805
4,1,417,135.8529,50.7737,37.3647,21.3133
1,1,418,160.8139,41.4356,26.0833,23.4467
2,1,418,165.9275,41.019,36.0522,22.8634
3,1,418,171.6739,39.5846,30.0822,17.9362
4,1,418,177.3703,42.2182,33.4546,19.6472
1,1,419,177.9675,41.4188,35.4865,20.6373
2,1,419,152.7269,30.9793,35.269,21.7772
3,1,419,146.4471,32.2555,41.7934,20.1177
4,1,419,177.3494,42.6361,33.5436,19.3724
1,1,420,145.9854,36.668,29.4582,20.8921
2,1,420,165.2209,39.3742,31.4675,21.3806
3,1,420,160.1627,44.7674,39.289,20.0893
4,1,420,174.9519,37.9288,34.9529,20.5793
1,1,421,142.2242,34.6819,26.4455,24.8271
2,1,421,154.6799,41.9795,34.1932,23.583
3,1,421,151.2031,44.1146,35.7472,24.6363
4,1,421,156.34,45.1742,31.4829,22.8562
1,1,422,144.4421,47.1213,35.2119,22.487
2,1,422,167.6383,44.0134,35.4064,22.5814
3,1,422,155.9946,45.1713,31.402,24.9517
4,1,422,162.6666,50.3604,36.013,22.6928
1,1,423,162.0284,39.098,36.6721,23.0974
2,1,423,171.9933,39.5497,29.3494,26.3624
3,1,423,160.8517,37.8747,28.0641,30.3238
4,1,423,153.5687,41.3542,37.9132,29.3847
1,1,424,171.962,38.8235,29.0544,19.5708
2,1,424,160.5992,44.2604,33.8582,23.3054
3,1,424,168.5063,44.0318,33.3101,18.3469
4,1,424,154.4091,39.6628,34.3063,19.3604
1,1,425,178.6638,50.8096,37.8241,23.5929
2,1,425,160.7414,40.6024,37.1324,18.8774
3,1,425,171.4679,49.0285,35.5993,21.7825
4,1,425,172.2605,46.999,38.0304,20.2883
1,1,426,162.8916,51.0255,30.4125,22.1094
2,1,426,136.9759,41.9818,34.985,18.1383
3,1,426,139.0464,50.2724,32.9432,21.1485
4,1,426,163.4245,54.7379,31.8287,22.9584
1,1,427,188.9331,45.5783,30.8039,23.4022
2,1,427,167.2158,40.8017,31.9455,23.7952
3,1,427,190.6376,42.3263,30.0493,20.2474
4,1,427,178.0178,32.8539,34.1163,25.1768
1,1,428,165.867,44.0968,42.3294,16.5997
2,1,428,177.9141,47.634,39.9901,16.6075
3,1,428,157.2319,45.2151,37.4356,15.3206
4,1,428,169.7236,48.2626,41.5579,14.5888
1,1,429,173.814,56.5132,33.5844,14.825
2,1,429,166.8479,48.7765,32.4029,18.6132
3,1,429,160.0517,47.8971,37.2397,16.1285
4,1,429,170.4251,53.5299,34.1507,19.7385
1,1,430,162.2525,43.0508,32.7222,18.8249
2,1,430,159.2466,40.2442,32.2186,20.1898
3,1,430,174.8545,36.898,34.4848,20.1888
4,1,430,161.7266,47.9771,31.2006,19.3911
1,1,431,152.0208,54.6073,33.6872,25.963
2,1,431,149.6503,51.2148,32.7894,26.3205
3,1,431,144.2454,52.0511,31.2839,22.6163
4,1,431,174.2693,52.7433,35.3348,25.1991
1,1,432,179.0478,39.2161,36.6745,22.2323
2,1,432,175.9222,34.2157,40.182,22.6171
3,1,432,159.7664,42.4333,34.3814,22.6784
4,1,432,181.3043,47.0734,41.7992,23.8937
1,1,433,163.739,45.5621,33.3377,22.4746
2,1,433,170.3811,53.9166,35.9379,24.9469
3,1,433,162.2103,55.9723,29.6093,25.293
4,1,433,179.7563,41.8116,32.7059,23.8166
1,1,434,154.3605,47.6138,33.5354,19.6271
2,1,434,154.1208,48.3721,33.1134,22.1269
3,1,434,168.4027,48.4381,43.1476,19.9355
4,1,434,151.5851,51.3162,34.6343,21.1426
1,1,435,170.9977,40.4524,35.7808,19.5051
2,1,435,150.9002,45.7904,36.4297,22.8431
3,1,435,154.8198,46.5584,35.9129,18.3837
4,1,435,167.2733,51.5306,33.9336,23.5765
1,1,436,164.722,40.353,30.1279,19.443
2,1,436,157.2962,39.7373,36.6016,20.3288
3,1,436,154.9656,43.1336,36.5012,19.3834
4,1,436,160.7829,35.0327,39.7718,20.6567
1,1,437,149.3549,48.785,35.1337,21.5083
2,1,437,155.3383,49.977,33.6809,22.1514
3,1,437,165.9427,51.0815,33.9759,22.1329
4,1,437,163.5052,48.9273,32.201,24.5367
1,1,438,168.2563,46.8283,32.7828,22.9906
2,1,438,154.6682,46.8109,31.1214,21.7325
3,1,438,162.5167,36.8669,29.7203,22.9275
4,1,438,171.4943,54.9752,25.4898,22.7412
1,1,439,182.179,46.7905,35.3141,23.7489
2,1,439,156.088,49.9199,35.7233,19.7433
3,1,439,164.5803,41.2924,30.6396,23.2176
4,1,439,160.8118,48.2163,31.317,24.2076
1,1,440,151.6288,47.4064,29.6623,24.7457
2,1,440,159.9715,41.8914,28.3363,24.3079
3,1,440,145.4759,48.0595,29.4309,23.4583
4,1,440,152.897,44.0144,29.8677,24.5856
1,1,441,163.0076,44.3937,33.5481,14.24
2,1,441,159.7616,48.5586,34.9376,18.0366
3,1,441,158.7857,49.9219,36.6945,17.1812
4,1,441,178.8382,41.2016,35.4718,17.3774
1,1,442,162.8966,49.015,40.5587,22.1091
2,1,442,146.3463,46.353,34.5883,22.0622
3,1,442,165.4419,46.6371,33.4343,20.8152
4,1,442,163.9831,51.8797,37.429,23.1434
1,1,443,163.2317,49.4,28.299,19.6876
2,1,443,164.1248,49.2224,33.4272,19.8424
3,1,443,173.8503,41.4061,31.1971,20.5662
4,1,443,169.8363,47.6076,32.8666,18.932
1,1,444,158.9694,49.3997,31.1759,22.439
2,1,444,158.6415,54.2162,28.9264,21.3242
3,1,444,140.5228,50.285,34.2252,23.3928
4,1,444,157.3553,41.4944,34.4276,21.5395
1,1,445,156.6382,48.5598,32.8214,23.5662
2,1,445,135.6576,46.4648,29.556,21.6993
3,1,445,155.9421,56.1743,39.4711,24.163
4,1,445,148.5825,51.0488,36.1645,23.4771
1,1,446,172.851,48.9059,30.6777,21.0198
2,1,446,151.2831,43.3278,40.3483,20.0718
3,1,446,159.4597,44.0709,33.847,23.5337
4,1,446,159.1044,47.5563,29.8698,23.1894
1,1,447,176.5343,53.1082,32.8694,22.6524
2,1,447,164.8423,56.6702,29.4593,19.5084
3,1,447,148.8821,47.5917,32.8993,22.3203
4,1,447,166.0004,55.1653,30.6196,23.0488
1,1,448,145.9898,37.795,29.6456,22.5645
2,1,448,155.9611,45.2174,35.9285,23.3507
3,1,448,160.4135,36.8039,33.7254,22.4837
4,1,448,170.7069,40.9784,29.9787,22.5409
1,1,449,150.7442,44.7145,31.1482,25.7069
2,1,449,156.6467,49.0233,28.7995,23.8423
3,1,449,173.9571,40.9788,34.8958,25.7195
4,1,449,137.2132,42.7096,32.1338,27.1476
1,1,450,176.9286,51.3139,33.2226,20.7491
2,1,450,142.7993,45.0999,39.2208,20.8934
3,1,450,185.3964,48.1909,34.0606,21.7149
4,1,450,150.8921,44.111,32.2935,21.0053
1,1,451,136.6853,33.4457,31.0523,19.9474
2,1,451,165.6142,44.4058,29.8019,23.5532
3,1,451,150.5394,47.1888,25.9518,20.089
4,1,451,164.253,41.6153,34.0714,21.1358
1,1,452,177.5185,50.287,26.9627,16.6771
2,1,452,152.2808,48.2356,31.1375,20.9094
3,1,452,167.1215,52.373,32.442,25.033
4,1,452,184.1695,51.8523,31.5898,20.3511
1,1,453,167.2034,37.3275,34.6479,18.5675
2,1,453,187.8421,47.3736,35.7226,22.2855
3,1,453,158.5204,45.1593,36.4808,20.2348
4,1,453,147.7673,48.3633,36.6555,21.4263
1,1,454,171.4748,45.5198,36.7191,20.5181
2,1,454,139.2201,52.9593,28.0115,22.1037
3,1,454,156.4509,53.1311,29.8418,22.0974
4,1,454,142.3587,48.0594,31.3663,23.1154
1,1,455,144.4668,46.0163,33.46,22.9844
2,1,455,153.3349,45.6289,28.3146,21.3214
3,1,455,164.7296,44.5406,35.1418,21.7068
4,1,455,158.3748,47.6333,36.4046,22.7637
1,1,456,166.5942,41.1593,35.5556,27.7609
2,1,456,171.3445,42.7628,34.3197,27.6305
3,1,456,133.1908,37.8103,30.8672,31.0735
4,1,456,151.5282,40.7357,34.3298,27.4138
1,1,457,168.8207,47.6273,33.524,23.9662
2,1,457,162.8581,49.1609,33.9714,22.1115
3,1,457,158.4321,43.9446,28.8812,24.8693
4,1,457,164.1094,54.4848,29.4508,24.1047
1,1,458,178.6052,43.4721,37.1073,23.4206
2,1,458,160.1849,41.579,37.9857,21.4535
3,1,458,167.9103,44.64,42.4052,23.008
4,1,458,165.0501,51.201,33.8679,20.9725
1,1,459,176.0692,42.3114,25.3724,21.6284
2,1,459,151.3862,37.2146,30.7425,23.2784
3,1,459,150.4498,46.824,30.197,21.5029
4,1,459,166.8503,43.5989,26.361,19.9761
1,1,460,159.0785,39.2785,27.2505,18.024
2,1,460,160.4214,38.4088,34.9619,19.5254
3,1,460,152.1124,45.9307,32.2802,20.5591
4,1,460,172.306,39.3614,41.0089,18.1037
1,1,461,178.3849,40.611,29.6151,20.8454
2,1,461,173.6635,46.2606,40.4032,17.5511
3,1,461,161.9474,45.139,31.3468,22.007
4,1,461,159.6345,48.8955,34.9162,19.6907
1,1,462,167.0941,40.4544,35.1351,21.7078
2,1,462,174.2784,42.2724,29.9641,20.9494
3,1,462,149.9767,46.972,39.969,22.0691
4,1,462,164.1911,45.1338,33.5578,21.031
1,1,463,189.6963,42.2079,37.4769,22.6518
2,1,463,170.9207,42.2936,33.9611,24.2695
3,1,463,160.7887,49.3629,39.523,24.3277
4,1,463,163.4698,38.476,40.8443,24.3979
1,1,464,149.4343,39.8338,44.0161,23.4702
2,1,464,149.922,52.5337,35.3456,22.0125
3,1,464,160.7964,43.817,34.9526,23.4327
4,1,464,164.2229,42.4805,37.1011,22.9388
1,1,465,169.4499,38.2621,39.3407,22.8838
2,1,465,162.1035,42.003,33.4268,23.3322
3,1,465,170.5299,38.2902,37.2829,24.619
4,1,465,171.6914,37.8157,34.457,25.8983
1,1,466,171.0966,50.0186,38.511,24.4641
2,1,466,157.4925,40.8394,34.6475,21.4072
3,1,466,179.1617,44.6849,29.4111,21.7937
4,1,466,151.9,55.1891,38.0193,22.3208
1,1,467,166.6954,49.064,36.7339,17.4771
2,1,467,175.3333,49.6146,37.0651,17.3719
3,1,467,156.3946,44.0397,38.4396,18.9218
4,1,467,158.8785,43.8237,37.5589,19.2727
1,1,468,158.6282,40.4724,27.967,17.3377
2,1,468,139.3072,48.1253,36.444,20.4502
3,1,468,166.8156,51.5664,30.5297,19.3888
4,1,468,167.5522,43.6325,36.0118,18.1304
1,1,469,140.2099,47.9178,31.1675,21.8894
2,1,469,165.0134,49.2076,29.9632,18.8112
3,1,469,138.8632,53.1116,31.7044,17.3314
4,1,469,146.868,51.5588,35.8471,20.875
1,1,470,157.4014,37.2287,29.1165,25.2485
2,1,470,165.2441,44.2459,29.984,29.0057
3,1,470,167.9653,47.2835,29.6018,23.5922
4,1,470,167.275,46.1673,28.9279,23.2231
1,1,471,156.7457,49.438,33.2859,26.1137
2,1,471,172.6467,44.7927,30.1147,23.944
3,1,471,172.1969,45.0994,35.8427,23.5567
4,1,471,185.2576,40.6805,34.9479,22.8229
1,1,472,151.1602,47.4636,39.2775,17.1553
2,1,472,159.1714,59.336,33.8181,20.7288
3,1,472,161.5217,48.54,37.1957,18.4782
4,1,472,157.6952,51.5539,37.1182,20.1878
1,1,473,157.0034,45.5179,39.8003,21.1853
2,1,473,158.6071,57.0506,37.2767,19.7547
3,1,473,149.5277,49.0168,41.7256,21.1571
4,1,473,168.9011,45.7844,38.2972,21.5604
1,1,474,176.3623,43.2091,46.5627,22.4057
2,1,474,146.8693,33.9924,36.9745,22.8377
3,1,474,164.1287,45.1053,39.443,22.435
4,1,474,168.3929,38.5304,39.2808,22.9127
1,1,475,177.7102,47.0115,39.2792,17.2538
2,1,475,175.663,50.4784,40.8407,22.0785
3,1,475,173.2952,47.5092,40.1324,21.2985
4,1,475,169.6439,40.6297,48.0112,19.2987
1,1,476,178.0328,42.261,43.8921,24.5866
2,1,476,172.1544,40.1638,37.5176,26.0103
3,1,476,164.2188,38.5822,36.354,26.415
4,1,476,168.6633,44.0847,33.6798,23.9638
1,1,477,161.1812,46.2911,31.404,20.1197
2,1,477,148.375,42.7118,32.0957,22.7165
3,1,477,146.661,47.1014,36.2419,22.5086
4,1,477,152.0547,47.9551,32.5898,22.7166
1,1,478,159.753,46.3318,34.6822,20.9687
2,1,478,163.959,46.2676,33.3208,22.5888
3,1,478,156.9418,52.664,35.9447,24.1514
4,1,478,165.1584,45.6321,36.2051,21.3892
1,1,479,128.5045,45.5944,31.5189,20.7071
2,1,479,154.7225,48.4174,37.6126,18.8852
3,1,479,157.3127,48.9765,39.3791,18.1716
4,1,479,152.2218,55.9788,34.9906,23.568
1,1,480,179.4568,40.3347,46.2752,26.2322
2,1,480,184.8533,44.9725,37.9385,22.8926
3,1,480,172.8,43.0548,48.2765,24.0301
4,1,480,162.2604,42.5035,48.0037,28.1182
1,1,481,148.8414,45.5892,33.3007,19.9093
2,1,481,152.7302,46.4274,26.3979,22.0932
3,1,481,149.5207,49.1847,30.4604,20.4367
4,1,481,169.7562,45.1163,32.4935,20.6302
1,1,482,162.576,49.1674,37.5827,18.7533
2,1,482,183.5663,48.6409,40.3324,18.9424
3,1,482,153.7755,57.1325,33.0464,20.633
4,1,482,136.6052,48.8795,36.3106,18.7272
1,1,483,140.789,46.1114,39.1065,23.6372
2,1,483,163.9441,43.4416,36.4685,24.0585
3,1,483,151.4867,49.285,37.5666,22.2637
4,1,483,147.3306,48.276,36.7629,19.9527
1,1,484,145.1021,53.521,27.9025,25.928
2,1,484,152.3822,47.0013,32.4748,22.0891
3,1,484,148.4834,51.5912,36.6614,22.3641
4,1,484,161.3132,50.9814,32.6702,23.5798
1,1,485,146.1561,54.4068,37.5783,19.8486
2,1,485,181.0915,39.083,33.9266,20.7467
3,1,485,149.69,48.1417,36.7004,18.7871
4,1,485,154.8659,50.7885,35.6831,19.8447
1,1,486,153.7469,54.7745,32.6421,23.2102
2,1,486,167.8651,46.2727,33.4119,20.9832
3,1,486,163.1265,49.2881,32.3961,24.013
4,1,486,161.1828,49.2578,30.8522,21.032
1,1,487,165.0154,38.3217,34.2038,26.7176
2,1,487,145.8028,40.9044,37.0855,25.2569
3,1,487,150.3161,47.785,39.3538,24.3905
4,1,487,163.4362,42.5196,36.0701,24.694
1,1,488,162.3134,44.3722,30.4862,24.3882
2,1,488,139.1132,43.5697,29.8773,20.6422
3,1,488,142.6273,40.6496,26.667,16.3981
4,1,488,141.2369,44.443,30.11,23.5955
1,1,489,177.612,44.6778,33.7728,23.9653
2,1,489,187.6055,40.0285,37.7071,22.0468
3,1,489,160.0544,42.1076,47.4114,21.3962
4,1,489,173.5843,48.0976,38.4319,20.216
1,1,490,174.1386,42.0977,31.9065,19.6409
2,1,490,151.8221,43.124,37.4901,23.2792
3,1,490,178.9158,38.5743,31.4609,19.854
4,1,490,159.1139,40.5568,30.8332,22.1057
1,1,491,156.7011,41.28,34.6582,26.8402
2,1,491,182.3019,43.6419,33.7552,26.1146
3,1,491,185.7865,48.8626,38.1759,27.4811
4,1,491,150.5236,46.5157,33.081,25.0632
1,1,492,168.9363,39.7208,38.4679,27.8499
2,1,492,153.0298,46.0064,38.6314,25.8715
3,1,492,172.1565,35.2118,36.2848,25.2088
4,1,492,175.0496,42.7504,37.9344,22.4507
1,1,493,139.4794,59.4068,26.2561,19.1109
2,1,493,161.5871,49.8031,21.3339,17.1394
3,1,493,154.3104,59.1429,24.9133,20.0039
4,1,493,141.9649,48.3587,25.32,17.5969
1,1,494,153.7568,46.759,33.8381,28.1531
2,1,494,156.0534,48.0828,37.0792,24.7067
3,1,494,159.2469,45.4952,37.6368,25.0438
4,1,494,164.7275,46.2249,36.7467,27.8251
1,1,495,168.8984,40.702,31.1266,24.0654
2,1,495,157.2131,45.5643,35.2518,19.8086
3,1,495,154.7367,42.7173,34.1253,21.8936
4,1,495,158.0244,38.5945,37.4583,23.8944
1,1,496,167.6536,45.2791,30.0277,21.6921
2,1,496,186.9138,47.7921,34.0463,22.2022
3,1,496,162.4228,46.7353,30.2134,24.6175
4,1,496,164.9373,47.0475,34.7728,22.3625
1,1,497,164.5635,45.6809,39.5376,23.589
2,1,497,160.0447,54.0781,37.4691,21.0247
3,1,497,161.0899,47.3019,32.2236,19.7532
4,1,497,150.8032,50.4041,38.5117,21.2649
1,1,498,135.9968,42.1766,29.3942,22.6838
2,1,498,143.1501,44.0259,26.1422,23.0335
3,1,498,169.6457,51.6333,34.2717,20.3687
4,1,498,161.4038,38.9917,25.5583,19.4136
1,1,499,156.6668,43.0445,29.5812,20.6387
2,1,499,172.3872,46.0802,32.5961,19.1072
3,1,499,161.547,33.7578,31.199,22.3714
4,1,499,159.7113,40.8298,40.2477,21.9571
1,1,500,163.8696,35.113,33.9422,22.1974
2,1,500,167.1972,52.1901,32.5869,19.1601
3,1,500,154.5381,47.5415,41.6787,21.4063
4,1,500,152.4933,43.4371,35.6589,20.9134
